branch,method,candidate,reference,n,mean_tau_difference,mean_abs_error_difference,candidate_rmse,reference_rmse,rmse_difference,candidate_containment,reference_containment,containment_difference,paired_containment_mcse,mean_se_difference
Aggregate Shock,AR,robust_learned_q_true_d,robust_population_true_d,5000,-0.004119385796301017,0.014212957291137031,0.062480543837892505,0.029309495774070802,0.033171048063821706,0.6918,0.7244,-0.0326,0.007166430041792689,nan
Aggregate Shock,ARIMA-Z,robust_learned_q_true_d,robust_population_true_d,5000,-0.004119385796301017,0.014212957291137031,0.062480543837892505,0.029309495774070802,0.033171048063821706,0.7648,0.7804,-0.0156,0.006415571674604094,0.009581090715197525
Aggregate Shock,HAC,robust_learned_q_true_d,robust_population_true_d,5000,-0.004119385796301017,0.014212957291137031,0.062480543837892505,0.029309495774070802,0.033171048063821706,0.675,0.7062,-0.0312,0.007308624713243922,0.006655068614520078
Basic,AR,robust_learned_q_true_d,robust_population_true_d,5000,-2.7846616070237262e-05,0.0008359903938239933,0.020841606125427285,0.01971799006402232,0.0011236160614049653,0.832,0.8334,-0.0014,0.00435010260551814,nan
Basic,ARIMA-Z,robust_learned_q_true_d,robust_population_true_d,5000,-2.7846616070237262e-05,0.0008359903938239933,0.020841606125427285,0.01971799006402232,0.0011236160614049653,0.8692,0.8696,-0.0004,0.003857841960075319,0.0011130771137186745
Basic,HAC,robust_learned_q_true_d,robust_population_true_d,5000,-2.7846616070237262e-05,0.0008359903938239933,0.020841606125427285,0.01971799006402232,0.0011236160614049653,0.829,0.8274,0.0016,0.004454599498421633,0.0009890468886516626
GFE,AR,robust_learned_q_true_d,robust_population_true_d,5000,0.0008408963707353862,-0.01164571733078024,0.06730480950034169,0.06901831568407192,-0.001713506183730229,0.8158,0.863,-0.0472,0.00638455828674963,nan
GFE,ARIMA-Z,robust_learned_q_true_d,robust_population_true_d,5000,0.0008408963707353862,-0.01164571733078024,0.06730480950034169,0.06901831568407192,-0.001713506183730229,0.869,0.9146,-0.0456,0.005512731268727711,-0.017905562821292815
GFE,HAC,robust_learned_q_true_d,robust_population_true_d,5000,0.0008408963707353862,-0.01164571733078024,0.06730480950034169,0.06901831568407192,-0.001713506183730229,0.7898,0.8156,-0.0258,0.006734682114891372,-0.013540732569687082
GFE + Agg. Shock,AR,robust_learned_q_true_d,robust_population_true_d,5000,0.0292903353875804,0.0796215562623415,0.22003167013853986,0.06432892493478498,0.15570274520375488,0.7114,0.7836,-0.0722,0.007592691340516777,nan
GFE + Agg. Shock,ARIMA-Z,robust_learned_q_true_d,robust_population_true_d,5000,0.0292903353875804,0.0796215562623415,0.22003167013853986,0.06432892493478498,0.15570274520375488,0.7892,0.8424,-0.0532,0.006633457058767328,0.06466786612766344
GFE + Agg. Shock,HAC,robust_learned_q_true_d,robust_population_true_d,5000,0.0292903353875804,0.0796215562623415,0.22003167013853986,0.06432892493478498,0.15570274520375488,0.6848,0.733,-0.0482,0.007812013665598792,0.047972438640762165
Aggregate Shock,AR,robust_population_q_full_dhat,robust_population_true_d,5000,0.016523244361301814,0.014806762146807524,0.04847081648179405,0.029309495774070802,0.019161320707723247,0.5912,0.7244,-0.1332,0.005401609711696644,nan
Aggregate Shock,ARIMA-Z,robust_population_q_full_dhat,robust_population_true_d,5000,0.016523244361301814,0.014806762146807524,0.04847081648179405,0.029309495774070802,0.019161320707723247,0.6748,0.7804,-0.1056,0.004859470227316763,0.004877579712857284
Aggregate Shock,HAC,robust_population_q_full_dhat,robust_population_true_d,5000,0.016523244361301814,0.014806762146807524,0.04847081648179405,0.029309495774070802,0.019161320707723247,0.5804,0.7062,-0.1258,0.0052688161938728665,0.0032285214733091083
Basic,AR,robust_population_q_full_dhat,robust_population_true_d,5000,2.9363900251547737e-05,-7.793480109873874e-05,0.019581347855083423,0.01971799006402232,-0.00013664220893889675,0.8322,0.8334,-0.0012,0.00260788654171206,nan
Basic,ARIMA-Z,robust_population_q_full_dhat,robust_population_true_d,5000,2.9363900251547737e-05,-7.793480109873874e-05,0.019581347855083423,0.01971799006402232,-0.00013664220893889675,0.8672,0.8696,-0.0024,0.0023151500996688745,-0.000120318985373479
Basic,HAC,robust_population_q_full_dhat,robust_population_true_d,5000,2.9363900251547737e-05,-7.793480109873874e-05,0.019581347855083423,0.01971799006402232,-0.00013664220893889675,0.825,0.8274,-0.0024,0.0023832717001633194,-0.00010582340256257483
GFE,AR,robust_population_q_full_dhat,robust_population_true_d,5000,0.004279503503737035,-0.0015496560460110456,0.06718055068169239,0.06901831568407192,-0.0018377650023795322,0.8632,0.863,0.0002,0.0017551661236544888,nan
GFE,ARIMA-Z,robust_population_q_full_dhat,robust_population_true_d,5000,0.004279503503737035,-0.0015496560460110456,0.06718055068169239,0.06901831568407192,-0.0018377650023795322,0.9152,0.9146,0.0006,0.001483363769820041,-0.0019900846610061028
GFE,HAC,robust_population_q_full_dhat,robust_population_true_d,5000,0.004279503503737035,-0.0015496560460110456,0.06718055068169239,0.06901831568407192,-0.0018377650023795322,0.8144,0.8156,-0.0012,0.001959714289384859,-0.001603808890009715
GFE + Agg. Shock,AR,robust_population_q_full_dhat,robust_population_true_d,5000,0.015569868041381904,0.00963568119443418,0.07649227574296365,0.06432892493478498,0.012163350808178666,0.7162,0.7836,-0.0674,0.0041490831491060335,nan
GFE + Agg. Shock,ARIMA-Z,robust_population_q_full_dhat,robust_population_true_d,5000,0.015569868041381904,0.00963568119443418,0.07649227574296365,0.06432892493478498,0.012163350808178666,0.785,0.8424,-0.0574,0.0036910395222146987,0.0006171204865325862
GFE + Agg. Shock,HAC,robust_population_q_full_dhat,robust_population_true_d,5000,0.015569868041381904,0.00963568119443418,0.07649227574296365,0.06432892493478498,0.012163350808178666,0.664,0.733,-0.069,0.004295519793698966,0.0003358812999170631
Aggregate Shock,AR,robust_full_empirical,robust_population_true_d,5000,-0.004874261355780384,0.011906212301530415,0.056404852897491246,0.029309495774070802,0.027095357123420444,0.688,0.7244,-0.0364,0.007347503328412461,nan
Aggregate Shock,ARIMA-Z,robust_full_empirical,robust_population_true_d,5000,-0.004874261355780384,0.011906212301530415,0.056404852897491246,0.029309495774070802,0.027095357123420444,0.7476,0.7804,-0.0328,0.006659857561581037,0.007009705961019367
Aggregate Shock,HAC,robust_full_empirical,robust_population_true_d,5000,-0.004874261355780384,0.011906212301530415,0.056404852897491246,0.029309495774070802,0.027095357123420444,0.666,0.7062,-0.0402,0.007523836363367066,0.004868502664140386
Basic,AR,robust_full_empirical,robust_population_true_d,5000,-1.3684610379987427e-05,0.0007254900249608059,0.020694625455428044,0.01971799006402232,0.0009766353914057238,0.8326,0.8334,-0.0008,0.004436643862397832,nan
Basic,ARIMA-Z,robust_full_empirical,robust_population_true_d,5000,-1.3684610379987427e-05,0.0007254900249608059,0.020694625455428044,0.01971799006402232,0.0009766353914057238,0.8732,0.8696,0.0036,0.0040000760144807655,0.0009835754887906637
Basic,HAC,robust_full_empirical,robust_population_true_d,5000,-1.3684610379987427e-05,0.0007254900249608059,0.020694625455428044,0.01971799006402232,0.0009766353914057238,0.827,0.8274,-0.0004,0.0044546533857706,0.0008678852679219588
GFE,AR,robust_full_empirical,robust_population_true_d,5000,0.001544117173044621,-0.012553560239225384,0.0658484204976984,0.06901831568407192,-0.0031698951863735197,0.8144,0.863,-0.0486,0.006360479474051305,nan
GFE,ARIMA-Z,robust_full_empirical,robust_population_true_d,5000,0.001544117173044621,-0.012553560239225384,0.0658484204976984,0.06901831568407192,-0.0031698951863735197,0.8674,0.9146,-0.0472,0.0055390042528980525,-0.018871117772963363
GFE,HAC,robust_full_empirical,robust_population_true_d,5000,0.001544117173044621,-0.012553560239225384,0.0658484204976984,0.06901831568407192,-0.0031698951863735197,0.7854,0.8156,-0.0302,0.006784305223047669,-0.014365813921374482
GFE + Agg. Shock,AR,robust_full_empirical,robust_population_true_d,5000,0.026758903728450797,0.07137292133364985,0.20198392281384175,0.06432892493478498,0.13765499787905677,0.7116,0.7836,-0.072,0.0075640361533103285,nan
GFE + Agg. Shock,ARIMA-Z,robust_full_empirical,robust_population_true_d,5000,0.026758903728450797,0.07137292133364985,0.20198392281384175,0.06432892493478498,0.13765499787905677,0.775,0.8424,-0.0674,0.0066347759608301835,0.056879422291386046
GFE + Agg. Shock,HAC,robust_full_empirical,robust_population_true_d,5000,0.026758903728450797,0.07137292133364985,0.20198392281384175,0.06432892493478498,0.13765499787905677,0.6722,0.733,-0.0608,0.007888797032737295,0.04183420090735474
Aggregate Shock,AR,robust_reported_simulation,robust_population_true_d,5000,-0.004235149804208693,0.02193464726213259,0.16493951496022663,0.029309495774070802,0.13563001918615583,0.6848,0.7244,-0.0396,0.0075483616469211754,nan
Aggregate Shock,ARIMA-Z,robust_reported_simulation,robust_population_true_d,5000,-0.004235149804208693,0.02193464726213259,0.16493951496022663,0.029309495774070802,0.13563001918615583,0.7508,0.7804,-0.0296,0.006817188776362476,0.06110703731465399
Aggregate Shock,HAC,robust_reported_simulation,robust_population_true_d,5000,-0.004235149804208693,0.02193464726213259,0.16493951496022663,0.029309495774070802,0.13563001918615583,0.6706,0.7062,-0.0356,0.007714818966530405,0.06099956704415681
Basic,AR,robust_reported_simulation,robust_population_true_d,5000,-3.7197920285062657e-05,0.002259692246422833,0.023291311970211295,0.01971799006402232,0.0035733219061889754,0.837,0.8334,0.0036,0.005083559433635359,nan
Basic,ARIMA-Z,robust_reported_simulation,robust_population_true_d,5000,-3.7197920285062657e-05,0.002259692246422833,0.023291311970211295,0.01971799006402232,0.0035733219061889754,0.8734,0.8696,0.0038,0.004677765310237307,0.002517601685495456
Basic,HAC,robust_reported_simulation,robust_population_true_d,5000,-3.7197920285062657e-05,0.002259692246422833,0.023291311970211295,0.01971799006402232,0.0035733219061889754,0.8312,0.8274,0.0038,0.005157754597351186,0.002491572995563201
GFE,AR,robust_reported_simulation,robust_population_true_d,5000,0.0017424209867203085,-0.00820615052967069,0.0753647117107578,0.06901831568407192,0.00634639602668588,0.8188,0.863,-0.0442,0.00634171234471358,nan
GFE,ARIMA-Z,robust_reported_simulation,robust_population_true_d,5000,0.0017424209867203085,-0.00820615052967069,0.0753647117107578,0.06901831568407192,0.00634639602668588,0.8724,0.9146,-0.0422,0.005521768737098394,-0.014769070781459238
GFE,HAC,robust_reported_simulation,robust_population_true_d,5000,0.0017424209867203085,-0.00820615052967069,0.0753647117107578,0.06901831568407192,0.00634639602668588,0.7968,0.8156,-0.0188,0.00669464529718573,-0.010424000875169153
GFE + Agg. Shock,AR,robust_reported_simulation,robust_population_true_d,5000,0.038825287958135266,0.10116879551422259,0.5571917144369758,0.06432892493478498,0.4928627895021908,0.7138,0.7836,-0.0698,0.007633953592306539,nan
GFE + Agg. Shock,ARIMA-Z,robust_reported_simulation,robust_population_true_d,5000,0.038825287958135266,0.10116879551422259,0.5571917144369758,0.06432892493478498,0.4928627895021908,0.7804,0.8424,-0.062,0.006678332128907995,0.36857212334190775
GFE + Agg. Shock,HAC,robust_reported_simulation,robust_population_true_d,5000,0.038825287958135266,0.10116879551422259,0.5571917144369758,0.06432892493478498,0.4928627895021908,0.6776,0.733,-0.0554,0.007944733586367238,0.3416341732839981
Aggregate Shock,AR,tsls_full_dhat,tsls_true_d,5000,-0.06101743441556238,-0.0476068993556274,0.639033054969746,0.700429446069126,-0.06139639109938,0.4798,0.4808,-0.001,0.0011135744293049837,nan
Aggregate Shock,ARIMA-Z,tsls_full_dhat,tsls_true_d,5000,-0.06101743441556238,-0.0476068993556274,0.639033054969746,0.700429446069126,-0.06139639109938,0.4854,0.5792,-0.0938,0.004152560746352837,-0.04057187811482042
Aggregate Shock,HAC,tsls_full_dhat,tsls_true_d,5000,-0.06101743441556238,-0.0476068993556274,0.639033054969746,0.700429446069126,-0.06139639109938,0.3896,0.454,-0.0644,0.0035288834783427955,-0.026471910825706692
Basic,AR,tsls_full_dhat,tsls_true_d,5000,3.067626900273974e-05,-7.942168338819145e-05,0.019555159088763305,0.01969378011499827,-0.00013862102623496408,0.8324,0.8334,-0.001,0.002537929907945357,nan
Basic,ARIMA-Z,tsls_full_dhat,tsls_true_d,5000,3.067626900273974e-05,-7.942168338819145e-05,0.019555159088763305,0.01969378011499827,-0.00013862102623496408,0.8662,0.8684,-0.0022,0.0023238141109831654,-0.00012046060457753382
Basic,HAC,tsls_full_dhat,tsls_true_d,5000,3.067626900273974e-05,-7.942168338819145e-05,0.019555159088763305,0.01969378011499827,-0.00013862102623496408,0.8258,0.8258,0.0,0.002466012214740359,-0.00010650038846982785
GFE,AR,tsls_full_dhat,tsls_true_d,5000,-0.0522479480095624,-0.01017004307885528,0.39431902505876276,0.39234275911139405,0.001976265947368716,0.8128,0.8056,0.0072,0.002528024956766924,nan
GFE,ARIMA-Z,tsls_full_dhat,tsls_true_d,5000,-0.0522479480095624,-0.01017004307885528,0.39431902505876276,0.39234275911139405,0.001976265947368716,0.8186,0.8082,0.0104,0.0027531589087438015,-0.00968619469643572
GFE,HAC,tsls_full_dhat,tsls_true_d,5000,-0.0522479480095624,-0.01017004307885528,0.39431902505876276,0.39234275911139405,0.001976265947368716,0.807,0.803,0.004,0.002416188650233815,-0.008687273434038995
GFE + Agg. Shock,AR,tsls_full_dhat,tsls_true_d,5000,-0.10250464951519098,-0.07839883274641944,0.6909094111354392,0.7905045887900904,-0.0995951776546512,0.5446,0.5652,-0.0206,0.0035267003733099613,nan
GFE + Agg. Shock,ARIMA-Z,tsls_full_dhat,tsls_true_d,5000,-0.10250464951519098,-0.07839883274641944,0.6909094111354392,0.7905045887900904,-0.0995951776546512,0.5652,0.6502,-0.085,0.004485423481095286,-0.05544737832931117
GFE + Agg. Shock,HAC,tsls_full_dhat,tsls_true_d,5000,-0.10250464951519098,-0.07839883274641944,0.6909094111354392,0.7905045887900904,-0.0995951776546512,0.465,0.536,-0.071,0.004078618274048833,-0.04558615008082344
Aggregate Shock,AR,tsls_learning_dhat,tsls_true_d,5000,0.05028920501503071,0.29821727358501865,11.46814410546486,0.700429446069126,10.767714659395734,0.4814,0.4808,0.0006,0.0017322032518215418,nan
Aggregate Shock,ARIMA-Z,tsls_learning_dhat,tsls_true_d,5000,0.05028920501503071,0.29821727358501865,11.46814410546486,0.700429446069126,10.767714659395734,0.52,0.5792,-0.0592,0.004958224359360873,27.6790652788168
Aggregate Shock,HAC,tsls_learning_dhat,tsls_true_d,5000,0.05028920501503071,0.29821727358501865,11.46814410546486,0.700429446069126,10.767714659395734,0.4234,0.454,-0.0306,0.0046061883802422645,41.422782741785376
Basic,AR,tsls_learning_dhat,tsls_true_d,5000,3.16801968316359e-05,0.0013306597311820254,0.02181172375501811,0.01969378011499827,0.00211794364001984,0.8358,0.8334,0.0024,0.004271123564040247,nan
Basic,ARIMA-Z,tsls_learning_dhat,tsls_true_d,5000,3.16801968316359e-05,0.0013306597311820254,0.02181172375501811,0.01969378011499827,0.00211794364001984,0.8714,0.8684,0.003,0.004005172690616015,0.0012539339966827275
Basic,HAC,tsls_learning_dhat,tsls_true_d,5000,3.16801968316359e-05,0.0013306597311820254,0.02181172375501811,0.01969378011499827,0.00211794364001984,0.8246,0.8258,-0.0012,0.004138011192266819,0.001428254581535049
GFE,AR,tsls_learning_dhat,tsls_true_d,5000,0.007569861955088379,0.04034484721858915,0.5136571263012261,0.39234275911139405,0.12131436718983202,0.8114,0.8056,0.0058,0.0037677727137188687,nan
GFE,ARIMA-Z,tsls_learning_dhat,tsls_true_d,5000,0.007569861955088379,0.04034484721858915,0.5136571263012261,0.39234275911139405,0.12131436718983202,0.817,0.8082,0.0088,0.0038245833090021055,0.02988937322936723
GFE,HAC,tsls_learning_dhat,tsls_true_d,5000,0.007569861955088379,0.04034484721858915,0.5136571263012261,0.39234275911139405,0.12131436718983202,0.8044,0.803,0.0014,0.0038526064573614397,0.027444283995408107
GFE + Agg. Shock,AR,tsls_learning_dhat,tsls_true_d,5000,0.09036230665061401,0.26625567308501724,5.911796567598455,0.7905045887900904,5.121291978808364,0.5558,0.5652,-0.0094,0.004684732366258364,nan
GFE + Agg. Shock,ARIMA-Z,tsls_learning_dhat,tsls_true_d,5000,0.09036230665061401,0.26625567308501724,5.911796567598455,0.7905045887900904,5.121291978808364,0.5986,0.6502,-0.0516,0.005545596336530957,31.255057054646436
GFE + Agg. Shock,HAC,tsls_learning_dhat,tsls_true_d,5000,0.09036230665061401,0.26625567308501724,5.911796567598455,0.7905045887900904,5.121291978808364,0.4896,0.536,-0.0464,0.0053193107648832364,18.29470247544284
