abs_pi_floor,config,branch,estimator,n,coverage,mean_bias,rmse,trim1_rmse,trim5_rmse,winsor99_rmse,winsor95_rmse,median_bias,median_abs_bias,p90_abs_bias,p95_abs_bias,p99_abs_bias,max_abs_bias,mean_se,median_se,p95_se,p99_se,max_se,mean_pi,median_pi,p01_pi,p05_pi,p95_pi,p99_pi,min_pi,share_pi_le_zero,share_abs_pi_lt_0_05,share_abs_pi_lt_0_10,share_abs_pi_lt_0_20,share_abs_pi_lt_0_30
0.05,finite_length,Aggregate Shock,SIV,999,0.7437437437437437,0.012733886092168106,0.065603896378097,0.05377314561729881,0.04330085535634901,0.0585016143506299,0.05038619079728537,0.0093687467139518,0.0275234786599953,0.09111916834967687,0.12303564914691109,0.23648939009062242,0.6262700622424724,0.032404600062872435,0.0210603918651744,0.08265514817742396,0.20013557134249135,0.6282732988419774,0.8340839488979201,0.8784783002668645,0.2570952244334593,0.45825022918354624,1.0464738062696333,1.147641786968785,0.0818897028090337,0.0,0.0,0.003003003003003003,0.009009009009009009,0.022022022022022022
0.05,finite_length,Aggregate Shock,TSLS,991,0.5055499495459133,0.489346632445556,0.7490491667820321,0.671199564833701,0.6243208806314721,0.6903016724395971,0.659970627161072,0.5678490857309977,0.5913579460171228,1.0012090910631266,1.138959462158672,1.7400736711422606,7.229235513836662,0.40822933075398843,0.2381169054380632,1.167063526055233,3.400375437161249,10.597198703113538,0.7758650496560858,0.8096736102515312,-0.07805960234617763,0.23270239657253572,1.2580170659072945,1.3980759857499148,-0.2510681561270057,0.015136226034308779,0.0,0.012108980827447022,0.03834510595358224,0.07164480322906155
0.05,finite_length,Basic,SIV,999,0.8808808808808809,0.000653256768436903,0.0233681445239227,0.02201584866479509,0.0193370484236739,0.022972924457493382,0.021548511667577146,0.0012939488174232,0.0145503295613746,0.03710675863052428,0.0466953035158412,0.06918206700955887,0.1067243906633741,0.019687157111975787,0.0154957789011383,0.046309454992477864,0.0729318209193582,0.1617218179334874,0.8765973695188078,0.9092934676839338,0.34327312500415774,0.6101925691310784,1.0096959084271786,1.04592836662172,0.1742084579493452,0.0,0.0,0.0,0.001001001001001001,0.004004004004004004
0.05,finite_length,Basic,TSLS,1000,0.871,0.001116212513010889,0.023618629710466372,0.020860099703277638,0.01820550394696362,0.02185930808930135,0.020371346795407454,0.00082517680200695,0.0132549308896098,0.03509040013545429,0.04474894747231381,0.06858354621089409,0.2540311480759416,0.01825597560083322,0.01453028654238625,0.04310343713337519,0.06898567901903795,0.1656945176617266,0.8757828246421302,0.9117100784391685,0.343885200491354,0.616135101909352,1.0082931229569891,1.0460810918806323,0.067184638990547,0.0,0.0,0.001,0.002,0.007
0.05,finite_length,GFE,SIV,999,0.8648648648648649,-0.00149767079115327,0.07740877510265592,0.06502379611331577,0.05010784375620468,0.07223312748725026,0.06004501508010426,-0.0009095816050561,0.0296934180690742,0.11058104598185324,0.15614435772953592,0.3210641766948701,0.7150201236662865,0.0534601540817556,0.0352532763685079,0.14535939548294458,0.3717943264990365,0.8009403872963926,0.8712111664407158,0.9039189791416088,0.3119591200134938,0.6058581644146225,1.0187303964338208,1.0615371895966783,0.1460577354400282,0.0,0.0,0.0,0.001001001001001001,0.007007007007007007
0.05,finite_length,GFE,TSLS,1000,0.809,0.01979594626206733,0.5664456330069618,0.4468649219255058,0.3819794643131129,0.47031196784136037,0.42794494384620585,0.00046336350133314996,0.28322888789806067,0.7322741846731954,0.9436522597275563,1.5330352648194132,8.527424957571991,0.3675847527500469,0.2814203108316041,0.9255485476158277,1.653142310271756,2.8675126005535003,0.8706138530661254,0.9040986663276462,0.32439166545066545,0.6100527472832107,1.0232582532792103,1.06874229426162,0.0643958508302869,0.0,0.0,0.001,0.002,0.009
0.05,finite_length,GFE + Agg. Shock,SIV,1000,0.781,0.060506590531514685,0.24664420799222445,0.2123899487890673,0.1551101181376831,0.23415007111516803,0.19208487518529488,0.0254904305731651,0.07711296316493704,0.3403389104761754,0.5299133507225234,1.0083580891767487,1.911583774507983,0.12419184415098801,0.07038504450817595,0.4084136775499973,0.8747570139089037,1.6462318405050913,0.829398204747115,0.8750539357347934,0.20286901738967575,0.44732082064203665,1.0535928906449405,1.147755072935131,0.0763248565458646,0.0,0.0,0.004,0.01,0.029
0.05,finite_length,GFE + Agg. Shock,TSLS,990,0.603030303030303,0.48969120019970325,0.8943222438288412,0.7827686337128681,0.7036980266494431,0.8298663237302223,0.7621016126241226,0.5762228458505082,0.635950021082229,1.2129935086599055,1.479942034925317,2.8516510106021555,8.185341228133584,0.5214500718724833,0.33141127164312467,1.5563307577287557,3.4044498419755107,8.434734216124605,0.7733455302157978,0.8016582657736261,-0.08242104082779468,0.23321554597924543,1.26048154476376,1.4145525712544416,-0.2804503632812005,0.014141414141414142,0.0,0.00909090909090909,0.03838383838383838,0.07272727272727272
0.05,longer_length,Aggregate Shock,SIV,1000,0.826,0.002326013637549722,0.024152652158303263,0.02230464622761875,0.01920488196475911,0.023335207726082042,0.021760731941599727,0.0023740725945873,0.01400350115365785,0.03828618199316673,0.04962727836943011,0.07211771537809827,0.1462772329600326,0.015658760598931506,0.014269122770620549,0.02800772709872877,0.03607988775284784,0.0511911299327534,0.9873880393504099,0.9880036224238316,0.8877528751189201,0.9184945902572942,1.0511998372973759,1.0788304990774389,0.8462315039646066,0.0,0.0,0.0,0.0,0.0
0.05,longer_length,Aggregate Shock,TSLS,1000,0.174,0.4318538144798718,0.45569824159367506,0.44917446111692194,0.4358216682246829,0.45375976985571853,0.4475579291204347,0.44003085914749035,0.44003085914749035,0.5982069697813122,0.6303110303514252,0.7847170945655628,1.1637030374255022,0.12327778370341247,0.11349098923261565,0.23286252952753264,0.2811037134958263,0.5952030165053291,0.9931437204496049,0.994884367003155,0.5702389381278458,0.6827557964806327,1.292723309503984,1.4028919685377044,0.4869813431062433,0.0,0.0,0.0,0.0,0.0
0.05,longer_length,Basic,SIV,1000,0.917,-0.00030918212924734104,0.018961417521019753,0.01804291378648276,0.016148719927983553,0.01869493542703002,0.017827347335354758,-0.00084362740736135,0.0121096040777497,0.03093896322797218,0.037435869288304224,0.05216257287887253,0.08024295500618,0.017922673288614292,0.0166055706934348,0.030964465296123317,0.04043288029544884,0.0532987021965898,0.9908903207398713,0.9932379333668397,0.8710156296162898,0.9115052034165179,1.0624724022424192,1.1040149582688428,0.810710043837101,0.0,0.0,0.0,0.0,0.0
0.05,longer_length,Basic,TSLS,1000,0.924,1.8572646448880833e-05,0.006737924609924944,0.006522961427414943,0.005893488988565961,0.006706137231143403,0.0064863970420645884,0.0001766282736064,0.0045610587376725,0.01137035576279908,0.013473525709236926,0.01687821387831057,0.0211920695903071,0.006459973283729634,0.00605404013899785,0.01005555017031826,0.012949344580774931,0.0163872068855143,0.9903488930231572,0.9908738715411209,0.9491641123891948,0.9611797725182013,1.0174776408973438,1.0285039883744789,0.9284471044620632,0.0,0.0,0.0,0.0,0.0
0.05,longer_length,GFE,SIV,1000,0.924,-9.490686654965114e-05,0.011854691445636396,0.011211479971118682,0.010019198556805579,0.011606120895613019,0.01109977151600939,0.0005103584899399001,0.0073132016817856,0.01965329805287914,0.02359652727540777,0.03203393814724904,0.0517053329133669,0.011058415554946556,0.0103902377930249,0.017844639854523586,0.02317085304351353,0.0363251182086827,0.9899534155312094,0.9906016948391855,0.916601715142944,0.9408683524317489,1.0367190337215593,1.0509434700895786,0.8819706392661593,0.0,0.0,0.0,0.0,0.0
0.05,longer_length,GFE,TSLS,1000,0.904,-0.0021887933351072164,0.11334405271000918,0.10960592669975346,0.09987761227157557,0.1126361909476543,0.10974949980588117,-0.0027955425921313004,0.08006765049291945,0.19133736599753404,0.2266359259351212,0.28170675092404684,0.3336790748986715,0.1058225180873778,0.10164689513460655,0.16185539662877535,0.20602766597715555,0.2818467034131939,0.9835746167822935,0.9866731009298415,0.9105621063706303,0.9332007613205148,1.0211005842852618,1.0326263049994548,0.8730211852398646,0.0,0.0,0.0,0.0,0.0
0.05,longer_length,GFE + Agg. Shock,SIV,1000,0.815,0.006983443783216243,0.020471954866801572,0.018905954150295202,0.01675214194566859,0.019716522871617043,0.018482431070364663,0.0066385790558305,0.012342893542939149,0.032700629492885595,0.03872924256717227,0.05905973487687199,0.1146304454912237,0.013469630861619387,0.01245638615844515,0.023213287644357674,0.028767583088591273,0.045254258372371,0.985556219044663,0.9863281389045682,0.907331687272681,0.9311458943090777,1.037385889501956,1.0643175982551603,0.8715490185487975,0.0,0.0,0.0,0.0,0.0
0.05,longer_length,GFE + Agg. Shock,TSLS,1000,0.301,0.42796868248873154,0.4666162118269804,0.45997005857944595,0.4433350742375462,0.4651230410185524,0.45993941074001365,0.4462424761980168,0.4462424761980168,0.6464523618326313,0.704635691760231,0.8296211813028145,1.0613571868269998,0.16479487476110485,0.15148419126236856,0.2842274816216658,0.33525875927153165,0.6927295333014017,0.9887037379631058,0.986363217916706,0.5713069779573104,0.6863846657627113,1.2986138335502475,1.3922047249094562,0.4911364095570035,0.0,0.0,0.0,0.0,0.0
0.1,finite_length,Aggregate Shock,SIV,996,0.7429718875502008,0.013352189609768174,0.06403272350590584,0.053238136592597976,0.04307044792250165,0.057768746398593855,0.050198164508647745,0.0094689054550547,0.02750678994645455,0.09057224773324546,0.12287279935456935,0.2300565471793837,0.6262700622424724,0.031666411770495936,0.0210557023775436,0.08026763451603824,0.1947843495879324,0.6282732988419774,0.8363394067033684,0.8793572595689139,0.26149860653104195,0.4757920915672149,1.0466639450981576,1.147671873452086,0.1147346924014635,0.0,0.0,0.0,0.006024096385542169,0.019076305220883535
0.1,finite_length,Aggregate Shock,TSLS,979,0.49948927477017363,0.49986873688211547,0.705162220436381,0.666597917583605,0.6242198739112587,0.685094130125087,0.6590531013600891,0.5714777849931798,0.59281288146355,0.996696267107936,1.1325850889052036,1.700578912923858,4.08933641654531,0.3848680802466025,0.2361509495696148,1.1181511181385975,3.0868803917008423,9.456939654578454,0.785106479183231,0.8157471039956267,0.061819871738400194,0.28087255386628823,1.2584824231582594,1.398610312939398,-0.2510681561270057,0.010214504596527068,0.0,0.0,0.026557711950970377,0.0602655771195097
0.1,finite_length,Basic,SIV,999,0.8808808808808809,0.000653256768436903,0.0233681445239227,0.02201584866479509,0.0193370484236739,0.022972924457493382,0.021548511667577146,0.0012939488174232,0.0145503295613746,0.03710675863052428,0.0466953035158412,0.06918206700955887,0.1067243906633741,0.019687157111975787,0.0154957789011383,0.046309454992477864,0.0729318209193582,0.1617218179334874,0.8765973695188078,0.9092934676839338,0.34327312500415774,0.6101925691310784,1.0096959084271786,1.04592836662172,0.1742084579493452,0.0,0.0,0.0,0.001001001001001001,0.004004004004004004
0.1,finite_length,Basic,TSLS,999,0.8718718718718719,0.0008630444093442918,0.022221648157915695,0.02075640687027815,0.018157120584029456,0.02172534388939684,0.020322397369217367,0.000824124860586,0.0132519444830856,0.03493071335301803,0.044658602646658524,0.06740123371921304,0.1237272713775912,0.01820527006290802,0.0145197106565045,0.042551192170290394,0.06902885177688697,0.1656945176617266,0.8765922322353751,0.911827406646738,0.3535826997982558,0.6179519751680939,1.0083245832137584,1.0460982110526256,0.1698936730049912,0.0,0.0,0.0,0.001001001001001001,0.006006006006006006
0.1,finite_length,GFE,SIV,999,0.8648648648648649,-0.00149767079115327,0.07740877510265592,0.06502379611331577,0.05010784375620468,0.07223312748725026,0.06004501508010426,-0.0009095816050561,0.0296934180690742,0.11058104598185324,0.15614435772953592,0.3210641766948701,0.7150201236662865,0.0534601540817556,0.0352532763685079,0.14535939548294458,0.3717943264990365,0.8009403872963926,0.8712111664407158,0.9039189791416088,0.3119591200134938,0.6058581644146225,1.0187303964338208,1.0615371895966783,0.1460577354400282,0.0,0.0,0.0,0.001001001001001001,0.007007007007007007
0.1,finite_length,GFE,TSLS,999,0.8088088088088088,0.020814767256901703,0.5658487638458886,0.4459630850623759,0.3809526476298827,0.4695149431987583,0.4257695270891624,0.0010958622102974,0.2831600784473096,0.7305298844429993,0.9313953154043749,1.5338995460041125,8.527424957571991,0.36725789752100857,0.281397537134487,0.9256825502161194,1.653471356021349,2.8675126005535003,0.8714208780933885,0.9041156181892822,0.3373273486581277,0.613448974431843,1.0233573506928693,1.0687784557960331,0.1516608116528986,0.0,0.0,0.0,0.001001001001001001,0.008008008008008008
0.1,finite_length,GFE + Agg. Shock,SIV,996,0.7811244979919679,0.0617970456168289,0.2372847547296491,0.2077176105900855,0.1518720168291855,0.22932015558986144,0.18909369444088114,0.0254904305731651,0.07649133298379655,0.3354114614177476,0.525239107325397,0.9917070916331292,1.313351516426273,0.12269320306366308,0.0699820336853446,0.38824202056588736,0.8749711193432352,1.6462318405050913,0.8324051619255033,0.8754692671794617,0.24636606368182037,0.45612652789755903,1.0538523219503602,1.1479338907643903,0.1179189812694804,0.0,0.0,0.0,0.006024096385542169,0.025100401606425703
0.1,finite_length,GFE + Agg. Shock,TSLS,981,0.599388379204893,0.49158551019879665,0.8903097483801952,0.7770187267331534,0.6998453062659912,0.825030369989699,0.7561869376835644,0.5762460775742657,0.6348853704502173,1.211860902676902,1.4489012060692164,2.8547008169640793,8.185341228133584,0.508441381932353,0.3292127973799972,1.529374193581603,3.3499041855430045,8.434734216124605,0.7802890115149247,0.8051487166897617,0.06003280025488614,0.2625649854372074,1.260508062274014,1.4149168876686598,-0.2804503632812005,0.010193679918450561,0.0,0.0,0.029561671763506627,0.06422018348623854
0.1,longer_length,Aggregate Shock,SIV,1000,0.826,0.002326013637549722,0.024152652158303263,0.02230464622761875,0.01920488196475911,0.023335207726082042,0.021760731941599727,0.0023740725945873,0.01400350115365785,0.03828618199316673,0.04962727836943011,0.07211771537809827,0.1462772329600326,0.015658760598931506,0.014269122770620549,0.02800772709872877,0.03607988775284784,0.0511911299327534,0.9873880393504099,0.9880036224238316,0.8877528751189201,0.9184945902572942,1.0511998372973759,1.0788304990774389,0.8462315039646066,0.0,0.0,0.0,0.0,0.0
0.1,longer_length,Aggregate Shock,TSLS,1000,0.174,0.4318538144798718,0.45569824159367506,0.44917446111692194,0.4358216682246829,0.45375976985571853,0.4475579291204347,0.44003085914749035,0.44003085914749035,0.5982069697813122,0.6303110303514252,0.7847170945655628,1.1637030374255022,0.12327778370341247,0.11349098923261565,0.23286252952753264,0.2811037134958263,0.5952030165053291,0.9931437204496049,0.994884367003155,0.5702389381278458,0.6827557964806327,1.292723309503984,1.4028919685377044,0.4869813431062433,0.0,0.0,0.0,0.0,0.0
0.1,longer_length,Basic,SIV,1000,0.917,-0.00030918212924734104,0.018961417521019753,0.01804291378648276,0.016148719927983553,0.01869493542703002,0.017827347335354758,-0.00084362740736135,0.0121096040777497,0.03093896322797218,0.037435869288304224,0.05216257287887253,0.08024295500618,0.017922673288614292,0.0166055706934348,0.030964465296123317,0.04043288029544884,0.0532987021965898,0.9908903207398713,0.9932379333668397,0.8710156296162898,0.9115052034165179,1.0624724022424192,1.1040149582688428,0.810710043837101,0.0,0.0,0.0,0.0,0.0
0.1,longer_length,Basic,TSLS,1000,0.924,1.8572646448880833e-05,0.006737924609924944,0.006522961427414943,0.005893488988565961,0.006706137231143403,0.0064863970420645884,0.0001766282736064,0.0045610587376725,0.01137035576279908,0.013473525709236926,0.01687821387831057,0.0211920695903071,0.006459973283729634,0.00605404013899785,0.01005555017031826,0.012949344580774931,0.0163872068855143,0.9903488930231572,0.9908738715411209,0.9491641123891948,0.9611797725182013,1.0174776408973438,1.0285039883744789,0.9284471044620632,0.0,0.0,0.0,0.0,0.0
0.1,longer_length,GFE,SIV,1000,0.924,-9.490686654965114e-05,0.011854691445636396,0.011211479971118682,0.010019198556805579,0.011606120895613019,0.01109977151600939,0.0005103584899399001,0.0073132016817856,0.01965329805287914,0.02359652727540777,0.03203393814724904,0.0517053329133669,0.011058415554946556,0.0103902377930249,0.017844639854523586,0.02317085304351353,0.0363251182086827,0.9899534155312094,0.9906016948391855,0.916601715142944,0.9408683524317489,1.0367190337215593,1.0509434700895786,0.8819706392661593,0.0,0.0,0.0,0.0,0.0
0.1,longer_length,GFE,TSLS,1000,0.904,-0.0021887933351072164,0.11334405271000918,0.10960592669975346,0.09987761227157557,0.1126361909476543,0.10974949980588117,-0.0027955425921313004,0.08006765049291945,0.19133736599753404,0.2266359259351212,0.28170675092404684,0.3336790748986715,0.1058225180873778,0.10164689513460655,0.16185539662877535,0.20602766597715555,0.2818467034131939,0.9835746167822935,0.9866731009298415,0.9105621063706303,0.9332007613205148,1.0211005842852618,1.0326263049994548,0.8730211852398646,0.0,0.0,0.0,0.0,0.0
0.1,longer_length,GFE + Agg. Shock,SIV,1000,0.815,0.006983443783216243,0.020471954866801572,0.018905954150295202,0.01675214194566859,0.019716522871617043,0.018482431070364663,0.0066385790558305,0.012342893542939149,0.032700629492885595,0.03872924256717227,0.05905973487687199,0.1146304454912237,0.013469630861619387,0.01245638615844515,0.023213287644357674,0.028767583088591273,0.045254258372371,0.985556219044663,0.9863281389045682,0.907331687272681,0.9311458943090777,1.037385889501956,1.0643175982551603,0.8715490185487975,0.0,0.0,0.0,0.0,0.0
0.1,longer_length,GFE + Agg. Shock,TSLS,1000,0.301,0.42796868248873154,0.4666162118269804,0.45997005857944595,0.4433350742375462,0.4651230410185524,0.45993941074001365,0.4462424761980168,0.4462424761980168,0.6464523618326313,0.704635691760231,0.8296211813028145,1.0613571868269998,0.16479487476110485,0.15148419126236856,0.2842274816216658,0.33525875927153165,0.6927295333014017,0.9887037379631058,0.986363217916706,0.5713069779573104,0.6863846657627113,1.2986138335502475,1.3922047249094562,0.4911364095570035,0.0,0.0,0.0,0.0,0.0
0.2,finite_length,Aggregate Shock,SIV,990,0.7434343434343434,0.01348865265031151,0.06328730096433086,0.05228546252011549,0.04254589242541913,0.05671309923041716,0.049430633618535204,0.0094689054550547,0.02741863652544195,0.08875040191192282,0.11978396219792933,0.22474823001581104,0.6262700622424724,0.031546702026579485,0.020987136263030802,0.07988652754904262,0.1948106561857719,0.6282732988419774,0.8404556923946971,0.8800310044992491,0.28718638279741926,0.49913375032647267,1.0470442227552064,1.1477320464186884,0.2236192016213241,0.0,0.0,0.0,0.0,0.013131313131313131
0.2,finite_length,Aggregate Shock,TSLS,953,0.4931794333683106,0.5091698711042603,0.6908547433864543,0.6625159659013675,0.6243047724731082,0.6793988326125682,0.6581634771813749,0.5772112215059302,0.5982646587713922,0.9883135430112882,1.1188736501937424,1.6118263058974156,2.4396868578237325,0.37377030550221485,0.2342760730927386,1.0774479184212227,2.570954293100746,9.456939654578454,0.8043965329092447,0.8285089735743005,0.2306588221052467,0.3402257992566703,1.2597369216484213,1.399768021849945,-0.2510681561270057,0.004197271773347324,0.0,0.0,0.0,0.03462749213011543
0.2,finite_length,Basic,SIV,998,0.8807615230460922,0.0006579621707814153,0.02337949885136758,0.022026611968887097,0.01934679904908122,0.022984711650403507,0.021560751742564166,0.00130322419027145,0.014564665632005251,0.03711360697763117,0.04671213528981783,0.0692031794810795,0.1067243906633741,0.019672790791915713,0.01549392606106775,0.04631435769076305,0.0729484076346012,0.1617218179334874,0.8773011660233866,0.9093723494389148,0.35478698640140005,0.6116172170139585,1.009696587421795,1.0460246838631941,0.2439702758253941,0.0,0.0,0.0,0.0,0.003006012024048096
0.2,finite_length,Basic,TSLS,998,0.8717434869739479,0.0008632772259325911,0.022232769497121472,0.020766898774711558,0.018166683051874914,0.021736589713710876,0.0203330226781181,0.00082517680200695,0.0132549308896098,0.03494891775864859,0.04466274731825319,0.06741324648386991,0.1237272713775912,0.018199539682021534,0.0145104267073127,0.04258115095692576,0.06907202453473602,0.1656945176617266,0.877300347024183,0.9119700860705944,0.3622334909599026,0.6185230269317747,1.0083560434705279,1.046115330224619,0.2293598652330427,0.0,0.0,0.0,0.0,0.00501002004008016
0.2,finite_length,GFE,SIV,998,0.8657314629258517,-0.0012784124999099015,0.07713290827356138,0.06467800383206887,0.049877372823449506,0.07193328638104383,0.05942112115066863,-0.0008836603268050499,0.02965770208839845,0.11032300417197971,0.15267080273473785,0.32109245470010794,0.7150201236662865,0.05342519169092971,0.0352461503117778,0.1454596008635947,0.372087684711199,0.8009403872963926,0.871937773085005,0.9039281004140463,0.3300708072826918,0.6079183859977324,1.018732393246523,1.0615560492145593,0.2504414468645803,0.0,0.0,0.0,0.0,0.006012024048096192
0.2,finite_length,GFE,TSLS,998,0.8086172344689379,0.020834435130462948,0.5661321829859692,0.44618871620788964,0.38115351711648143,0.46977839622654494,0.42605374000630714,0.00046336350133314996,0.28322888789806067,0.7307171144145546,0.9320429000006922,1.5347638271888118,8.527424957571991,0.3674844712768609,0.2814203108316041,0.9258165528164114,1.653800401770942,2.8675126005535003,0.8721420805647717,0.9043980744866611,0.3507925705676785,0.6181930962158781,1.0234564481065285,1.0688146173304465,0.2237632238942143,0.0,0.0,0.0,0.0,0.0070140280561122245
0.2,finite_length,GFE + Agg. Shock,SIV,990,0.7818181818181819,0.06301439275460331,0.23713290841311743,0.20734820056231856,0.1509207593447745,0.2291580768651903,0.1887103656538298,0.025729503314258002,0.0755939865849714,0.3351579916305476,0.5262135501679711,0.9927174421618716,1.313351516426273,0.1220641598201378,0.06965387625917695,0.37408469169870295,0.8752922774947332,1.6462318405050913,0.8365154648834152,0.8764154117147367,0.2638952025599544,0.4749355460235672,1.0542414689084896,1.14820211750828,0.2030210597179615,0.0,0.0,0.0,0.0,0.01919191919191919
0.2,finite_length,GFE + Agg. Shock,TSLS,952,0.5913865546218487,0.5075814905463404,0.8165066447929388,0.7583919035296897,0.6957020280019787,0.7847428925642667,0.746872273672737,0.5834460683752165,0.6347943147266303,1.1906808132288498,1.3957206477290696,2.1086223164849622,4.891938829118023,0.48114586180496144,0.3250296299912323,1.4355300666909052,3.1464191087001017,5.893818103662228,0.8015047553256255,0.81977557344072,0.2286762465352103,0.3393972593505467,1.2632164768521639,1.4160907961144733,-0.2804503632812005,0.004201680672268907,0.0,0.0,0.0,0.03571428571428571
0.2,longer_length,Aggregate Shock,SIV,1000,0.826,0.002326013637549722,0.024152652158303263,0.02230464622761875,0.01920488196475911,0.023335207726082042,0.021760731941599727,0.0023740725945873,0.01400350115365785,0.03828618199316673,0.04962727836943011,0.07211771537809827,0.1462772329600326,0.015658760598931506,0.014269122770620549,0.02800772709872877,0.03607988775284784,0.0511911299327534,0.9873880393504099,0.9880036224238316,0.8877528751189201,0.9184945902572942,1.0511998372973759,1.0788304990774389,0.8462315039646066,0.0,0.0,0.0,0.0,0.0
0.2,longer_length,Aggregate Shock,TSLS,1000,0.174,0.4318538144798718,0.45569824159367506,0.44917446111692194,0.4358216682246829,0.45375976985571853,0.4475579291204347,0.44003085914749035,0.44003085914749035,0.5982069697813122,0.6303110303514252,0.7847170945655628,1.1637030374255022,0.12327778370341247,0.11349098923261565,0.23286252952753264,0.2811037134958263,0.5952030165053291,0.9931437204496049,0.994884367003155,0.5702389381278458,0.6827557964806327,1.292723309503984,1.4028919685377044,0.4869813431062433,0.0,0.0,0.0,0.0,0.0
0.2,longer_length,Basic,SIV,1000,0.917,-0.00030918212924734104,0.018961417521019753,0.01804291378648276,0.016148719927983553,0.01869493542703002,0.017827347335354758,-0.00084362740736135,0.0121096040777497,0.03093896322797218,0.037435869288304224,0.05216257287887253,0.08024295500618,0.017922673288614292,0.0166055706934348,0.030964465296123317,0.04043288029544884,0.0532987021965898,0.9908903207398713,0.9932379333668397,0.8710156296162898,0.9115052034165179,1.0624724022424192,1.1040149582688428,0.810710043837101,0.0,0.0,0.0,0.0,0.0
0.2,longer_length,Basic,TSLS,1000,0.924,1.8572646448880833e-05,0.006737924609924944,0.006522961427414943,0.005893488988565961,0.006706137231143403,0.0064863970420645884,0.0001766282736064,0.0045610587376725,0.01137035576279908,0.013473525709236926,0.01687821387831057,0.0211920695903071,0.006459973283729634,0.00605404013899785,0.01005555017031826,0.012949344580774931,0.0163872068855143,0.9903488930231572,0.9908738715411209,0.9491641123891948,0.9611797725182013,1.0174776408973438,1.0285039883744789,0.9284471044620632,0.0,0.0,0.0,0.0,0.0
0.2,longer_length,GFE,SIV,1000,0.924,-9.490686654965114e-05,0.011854691445636396,0.011211479971118682,0.010019198556805579,0.011606120895613019,0.01109977151600939,0.0005103584899399001,0.0073132016817856,0.01965329805287914,0.02359652727540777,0.03203393814724904,0.0517053329133669,0.011058415554946556,0.0103902377930249,0.017844639854523586,0.02317085304351353,0.0363251182086827,0.9899534155312094,0.9906016948391855,0.916601715142944,0.9408683524317489,1.0367190337215593,1.0509434700895786,0.8819706392661593,0.0,0.0,0.0,0.0,0.0
0.2,longer_length,GFE,TSLS,1000,0.904,-0.0021887933351072164,0.11334405271000918,0.10960592669975346,0.09987761227157557,0.1126361909476543,0.10974949980588117,-0.0027955425921313004,0.08006765049291945,0.19133736599753404,0.2266359259351212,0.28170675092404684,0.3336790748986715,0.1058225180873778,0.10164689513460655,0.16185539662877535,0.20602766597715555,0.2818467034131939,0.9835746167822935,0.9866731009298415,0.9105621063706303,0.9332007613205148,1.0211005842852618,1.0326263049994548,0.8730211852398646,0.0,0.0,0.0,0.0,0.0
0.2,longer_length,GFE + Agg. Shock,SIV,1000,0.815,0.006983443783216243,0.020471954866801572,0.018905954150295202,0.01675214194566859,0.019716522871617043,0.018482431070364663,0.0066385790558305,0.012342893542939149,0.032700629492885595,0.03872924256717227,0.05905973487687199,0.1146304454912237,0.013469630861619387,0.01245638615844515,0.023213287644357674,0.028767583088591273,0.045254258372371,0.985556219044663,0.9863281389045682,0.907331687272681,0.9311458943090777,1.037385889501956,1.0643175982551603,0.8715490185487975,0.0,0.0,0.0,0.0,0.0
0.2,longer_length,GFE + Agg. Shock,TSLS,1000,0.301,0.42796868248873154,0.4666162118269804,0.45997005857944595,0.4433350742375462,0.4651230410185524,0.45993941074001365,0.4462424761980168,0.4462424761980168,0.6464523618326313,0.704635691760231,0.8296211813028145,1.0613571868269998,0.16479487476110485,0.15148419126236856,0.2842274816216658,0.33525875927153165,0.6927295333014017,0.9887037379631058,0.986363217916706,0.5713069779573104,0.6863846657627113,1.2986138335502475,1.3922047249094562,0.4911364095570035,0.0,0.0,0.0,0.0,0.0
0.3,finite_length,Aggregate Shock,SIV,977,0.7420675537359263,0.012119023889637233,0.058773163056819386,0.05080320359407281,0.04174513353055778,0.05487907443343606,0.04817524395813974,0.0093687467139518,0.0273319765895716,0.0864836744810333,0.115200761444588,0.21134090516349757,0.5005187395110218,0.030443916266853988,0.0209332065448261,0.07836467114125742,0.16589024128551538,0.6168274341123112,0.8480509063502304,0.882511632366772,0.3648401374404899,0.5267459835602544,1.0476993771893732,1.1478624211796602,0.3038773296470265,0.0,0.0,0.0,0.0,0.0
0.3,finite_length,Aggregate Shock,TSLS,920,0.483695652173913,0.5244014123026115,0.6900530091705226,0.6610299740390516,0.6257179368921634,0.6766615555867286,0.6581963305785086,0.5882169806120165,0.6039075596979667,0.9799555205736721,1.1070286343709201,1.5364576713428937,2.4396868578237325,0.36189851354109553,0.23236803613282475,0.9861707853523891,2.440160732698519,9.456939654578454,0.8261402223433895,0.8363906206232483,0.32712941621333225,0.40114794532056425,1.2614303049311757,1.4012374216210235,0.3008797319643417,0.0,0.0,0.0,0.0,0.0
0.3,finite_length,Basic,SIV,995,0.8814070351758794,0.0009178812160002635,0.022922454547871524,0.021737024875838167,0.01920046709038933,0.022658267666819595,0.02135219265061163,0.001361573654089,0.0144939935056576,0.03680436930856494,0.045881325253673146,0.0673938658164976,0.0848464923371703,0.019609664141853465,0.0154681600302086,0.04602803881326772,0.07299816778033019,0.1617218179334874,0.8791855079043099,0.9096857514272092,0.3728026122700312,0.6148611361250053,1.0096986244056436,1.0463136355876164,0.3004225445747728,0.0,0.0,0.0,0.0,0.0
0.3,finite_length,Basic,TSLS,993,0.8731117824773413,0.0009005752765523399,0.02140147571553562,0.020312639739310762,0.01792924633279694,0.021179621407942162,0.020016987499049264,0.0008262287434279,0.0131660372738879,0.03449542036415579,0.04352935900671242,0.06312467974405282,0.0751927393439908,0.01810586825562582,0.0144585859740493,0.04219898196031229,0.0692878883239817,0.1656945176617266,0.8803788820146019,0.9122645328292194,0.396765540953732,0.6244802425537899,1.008513344754375,1.0462009260845864,0.3039477372040543,0.0,0.0,0.0,0.0,0.0
0.3,finite_length,GFE,SIV,992,0.8669354838709677,-0.001276196178577683,0.07597585673069063,0.06340022445543494,0.049240847565864145,0.06989055639373339,0.05871428254378663,-0.00106615619681975,0.02953407618211165,0.10754301521807481,0.1507154479031368,0.29972929208535515,0.7150201236662865,0.05323427969272507,0.03519357706667505,0.14500641909131248,0.3738478339841776,0.8009403872963926,0.8755757263235255,0.9045373241863547,0.3819732099031256,0.6360396692033257,1.0187443741227376,1.0616692069218456,0.3034057481221931,0.0,0.0,0.0,0.0,0.0
0.3,finite_length,GFE,TSLS,991,0.8102926337033299,0.00750697537194088,0.47701984480828813,0.43790396692496425,0.37692392018672904,0.4604643411921966,0.4193640827338046,-0.0001691352076311,0.282336032631943,0.7276432609935586,0.9010440946832308,1.4833312636117781,2.8486266762994688,0.3621263884711714,0.2813455629113329,0.9082755491302511,1.6322756740524018,2.8675126005535003,0.8764611486841215,0.9051302047808132,0.38292104736857036,0.6264076674124426,1.0241501300021416,1.0690677480713398,0.309298251156367,0.0,0.0,0.0,0.0,0.0
0.3,finite_length,GFE + Agg. Shock,SIV,971,0.7847579814624099,0.05981391432371916,0.23019009928156092,0.20188177447362024,0.14823705664615838,0.22398387663393343,0.1860766864165463,0.0249192959231947,0.0746716223321286,0.3312259020496171,0.5221655525293016,0.9770939247738947,1.285434735250967,0.11981646041600048,0.0693052689582365,0.363077521790209,0.8401713609319531,1.5703277828532018,0.8477455054569444,0.8787650850382545,0.3914185864298382,0.5344803433637495,1.0550460063152483,1.1490515021972627,0.3102498838860645,0.0,0.0,0.0,0.0,0.0
0.3,finite_length,GFE + Agg. Shock,TSLS,918,0.5860566448801743,0.5295436979552928,0.7891741881632168,0.746756113560371,0.6920990973950584,0.7704938911568554,0.740568161600705,0.5956091370636464,0.636420068617728,1.1842770726080023,1.3655705238521412,1.965687319023056,3.0794738068279752,0.46593426201545685,0.3214201014130207,1.3542484741974616,2.802409998755588,5.893818103662228,0.8238265269879883,0.8313302528045683,0.3288802074570309,0.40499842770211386,1.265824270222362,1.417467102568186,0.3006322874072217,0.0,0.0,0.0,0.0,0.0
0.3,longer_length,Aggregate Shock,SIV,1000,0.826,0.002326013637549722,0.024152652158303263,0.02230464622761875,0.01920488196475911,0.023335207726082042,0.021760731941599727,0.0023740725945873,0.01400350115365785,0.03828618199316673,0.04962727836943011,0.07211771537809827,0.1462772329600326,0.015658760598931506,0.014269122770620549,0.02800772709872877,0.03607988775284784,0.0511911299327534,0.9873880393504099,0.9880036224238316,0.8877528751189201,0.9184945902572942,1.0511998372973759,1.0788304990774389,0.8462315039646066,0.0,0.0,0.0,0.0,0.0
0.3,longer_length,Aggregate Shock,TSLS,1000,0.174,0.4318538144798718,0.45569824159367506,0.44917446111692194,0.4358216682246829,0.45375976985571853,0.4475579291204347,0.44003085914749035,0.44003085914749035,0.5982069697813122,0.6303110303514252,0.7847170945655628,1.1637030374255022,0.12327778370341247,0.11349098923261565,0.23286252952753264,0.2811037134958263,0.5952030165053291,0.9931437204496049,0.994884367003155,0.5702389381278458,0.6827557964806327,1.292723309503984,1.4028919685377044,0.4869813431062433,0.0,0.0,0.0,0.0,0.0
0.3,longer_length,Basic,SIV,1000,0.917,-0.00030918212924734104,0.018961417521019753,0.01804291378648276,0.016148719927983553,0.01869493542703002,0.017827347335354758,-0.00084362740736135,0.0121096040777497,0.03093896322797218,0.037435869288304224,0.05216257287887253,0.08024295500618,0.017922673288614292,0.0166055706934348,0.030964465296123317,0.04043288029544884,0.0532987021965898,0.9908903207398713,0.9932379333668397,0.8710156296162898,0.9115052034165179,1.0624724022424192,1.1040149582688428,0.810710043837101,0.0,0.0,0.0,0.0,0.0
0.3,longer_length,Basic,TSLS,1000,0.924,1.8572646448880833e-05,0.006737924609924944,0.006522961427414943,0.005893488988565961,0.006706137231143403,0.0064863970420645884,0.0001766282736064,0.0045610587376725,0.01137035576279908,0.013473525709236926,0.01687821387831057,0.0211920695903071,0.006459973283729634,0.00605404013899785,0.01005555017031826,0.012949344580774931,0.0163872068855143,0.9903488930231572,0.9908738715411209,0.9491641123891948,0.9611797725182013,1.0174776408973438,1.0285039883744789,0.9284471044620632,0.0,0.0,0.0,0.0,0.0
0.3,longer_length,GFE,SIV,1000,0.924,-9.490686654965114e-05,0.011854691445636396,0.011211479971118682,0.010019198556805579,0.011606120895613019,0.01109977151600939,0.0005103584899399001,0.0073132016817856,0.01965329805287914,0.02359652727540777,0.03203393814724904,0.0517053329133669,0.011058415554946556,0.0103902377930249,0.017844639854523586,0.02317085304351353,0.0363251182086827,0.9899534155312094,0.9906016948391855,0.916601715142944,0.9408683524317489,1.0367190337215593,1.0509434700895786,0.8819706392661593,0.0,0.0,0.0,0.0,0.0
0.3,longer_length,GFE,TSLS,1000,0.904,-0.0021887933351072164,0.11334405271000918,0.10960592669975346,0.09987761227157557,0.1126361909476543,0.10974949980588117,-0.0027955425921313004,0.08006765049291945,0.19133736599753404,0.2266359259351212,0.28170675092404684,0.3336790748986715,0.1058225180873778,0.10164689513460655,0.16185539662877535,0.20602766597715555,0.2818467034131939,0.9835746167822935,0.9866731009298415,0.9105621063706303,0.9332007613205148,1.0211005842852618,1.0326263049994548,0.8730211852398646,0.0,0.0,0.0,0.0,0.0
0.3,longer_length,GFE + Agg. Shock,SIV,1000,0.815,0.006983443783216243,0.020471954866801572,0.018905954150295202,0.01675214194566859,0.019716522871617043,0.018482431070364663,0.0066385790558305,0.012342893542939149,0.032700629492885595,0.03872924256717227,0.05905973487687199,0.1146304454912237,0.013469630861619387,0.01245638615844515,0.023213287644357674,0.028767583088591273,0.045254258372371,0.985556219044663,0.9863281389045682,0.907331687272681,0.9311458943090777,1.037385889501956,1.0643175982551603,0.8715490185487975,0.0,0.0,0.0,0.0,0.0
0.3,longer_length,GFE + Agg. Shock,TSLS,1000,0.301,0.42796868248873154,0.4666162118269804,0.45997005857944595,0.4433350742375462,0.4651230410185524,0.45993941074001365,0.4462424761980168,0.4462424761980168,0.6464523618326313,0.704635691760231,0.8296211813028145,1.0613571868269998,0.16479487476110485,0.15148419126236856,0.2842274816216658,0.33525875927153165,0.6927295333014017,0.9887037379631058,0.986363217916706,0.5713069779573104,0.6863846657627113,1.2986138335502475,1.3922047249094562,0.4911364095570035,0.0,0.0,0.0,0.0,0.0
