sample,n_units,h_z_corr,theta_y_scale_multiplier,config,T0,T1,branch,estimator,n,mean_bias_component_total,mean_abs_bias_component_total,rmse_bias_component_total,mean_bias_component_gfe,mean_abs_bias_component_gfe,rmse_bias_component_gfe,mean_bias_component_shock,mean_abs_bias_component_shock,rmse_bias_component_shock,mean_bias_component_eps,mean_abs_bias_component_eps,rmse_bias_component_eps
restricted,49,0.25,1.5,finite_length,5,10,Aggregate Shock,SIV,1000,0.008576825768486543,0.0372606134355857,0.056854083203181666,0.0,0.0,0.0,0.007246337954017281,0.027348478013324417,0.04894406314301519,0.0013304878144692629,0.019759534286100642,0.02933849597715027
restricted,49,0.25,1.5,finite_length,5,10,Aggregate Shock,TSLS,1000,0.1240383373001915,0.4159537847816449,1.9739908713631058,0.0,0.0,0.0,0.12809624296888755,0.40173984018852454,1.7401397953158366,-0.004057905668696069,0.04043946258522088,0.29613047631866923
restricted,49,0.25,1.5,finite_length,5,10,Basic,SIV,1000,0.0010161214716780723,0.01820379258067261,0.026032084351492485,0.0,0.0,0.0,0.0,0.0,0.0,0.0010161214716780723,0.01820379258067261,0.026032084351492485
restricted,49,0.25,1.5,finite_length,5,10,Basic,TSLS,1000,0.0011162125130108988,0.01706921256201737,0.02361862971046641,0.0,0.0,0.0,0.0,0.0,0.0,0.0011162125130108986,0.017069212562017367,0.02361862971046641
restricted,49,0.25,1.5,finite_length,5,10,GFE,SIV,1000,-1.3798899868923714e-05,0.04961722585604871,0.09046302932158308,-0.0010245383554355464,0.044779611882732155,0.08055337138651004,0.0,0.0,0.0,0.0010107394555666244,0.018459153322686227,0.027023358334355957
restricted,49,0.25,1.5,finite_length,5,10,GFE,TSLS,1000,0.019795946262067324,0.3729980424998015,0.566445633006962,0.018607778105260566,0.3727068921197002,0.564489708447905,0.0,0.0,0.0,0.001188168156806767,0.01726686004941589,0.024414140259799835
restricted,49,0.25,1.5,finite_length,5,10,GFE + Agg. Shock,SIV,1000,0.027232136799794873,0.12616209116796584,0.19982651845044597,-0.00572627936493053,0.09007601795684411,0.15253807741758654,0.031727813236992884,0.07492746992380481,0.13650791488463773,0.0012306029277325179,0.01969881886963674,0.028977296366321608
restricted,49,0.25,1.5,finite_length,5,10,GFE + Agg. Shock,TSLS,1000,0.12821971233283644,1.3917840949587488,15.842011818869628,0.20166297420612733,0.9369497190549826,8.498410321032262,0.0018329317391084174,0.8853854887665952,11.423346715285534,-0.07527619361239933,0.10797009847512345,1.9555379383034939
restricted,49,0.25,3.0,finite_length,5,10,Aggregate Shock,SIV,1000,0.00497112057313076,0.03542792312098493,0.05556073064620044,0.0,0.0,0.0,0.003629978639497329,0.025628388262860638,0.04796663712114531,0.0013411419336334266,0.019851876760606495,0.029441257045841187
restricted,49,0.25,3.0,finite_length,5,10,Aggregate Shock,TSLS,1000,0.2521345802690791,0.8166777675064215,3.709684579034814,0.0,0.0,0.0,0.2561924859377751,0.8034796803770491,3.4802795906316732,-0.004057905668696069,0.04043946258522088,0.29613047631866923
restricted,49,0.25,3.0,finite_length,5,10,Basic,SIV,1000,0.0010161214716780723,0.01820379258067261,0.026032084351492485,0.0,0.0,0.0,0.0,0.0,0.0,0.0010161214716780723,0.01820379258067261,0.026032084351492485
restricted,49,0.25,3.0,finite_length,5,10,Basic,TSLS,1000,0.0011162125130108988,0.01706921256201737,0.02361862971046641,0.0,0.0,0.0,0.0,0.0,0.0,0.0011162125130108986,0.017069212562017367,0.02361862971046641
restricted,49,0.25,3.0,finite_length,5,10,GFE,SIV,1000,-1.3798899868923714e-05,0.04961722585604871,0.09046302932158308,-0.0010245383554355464,0.044779611882732155,0.08055337138651004,0.0,0.0,0.0,0.0010107394555666244,0.018459153322686227,0.027023358334355957
restricted,49,0.25,3.0,finite_length,5,10,GFE,TSLS,1000,0.019795946262067324,0.3729980424998015,0.566445633006962,0.018607778105260566,0.3727068921197002,0.564489708447905,0.0,0.0,0.0,0.001188168156806767,0.01726686004941589,0.024414140259799835
restricted,49,0.25,3.0,finite_length,5,10,GFE + Agg. Shock,SIV,1000,0.02196305123211075,0.131271130318586,0.2369838684663002,-0.007624113609892552,0.09281893919978555,0.1641445593532837,0.028304876881614458,0.07807652316681014,0.17317773829331357,0.001282287960388837,0.01993015029282775,0.029686166926498638
restricted,49,0.25,3.0,finite_length,5,10,GFE + Agg. Shock,TSLS,1000,0.13005264407194475,2.1753368657956957,26.41432907145051,0.20166297420612733,0.9369497190549826,8.498410321032262,0.0036658634782168347,1.7707709775331903,22.84669343057107,-0.07527619361239933,0.10797009847512345,1.9555379383034939
restricted,49,0.25,4.5,finite_length,5,10,Aggregate Shock,SIV,1000,0.0036154802585560662,0.03489088269512355,0.05501154655888795,0.0,0.0,0.0,0.0022397406072108494,0.02502911281543802,0.04753821353100945,0.0013757396513452095,0.019834558808452956,0.02938177007091029
restricted,49,0.25,4.5,finite_length,5,10,Aggregate Shock,TSLS,1000,0.38023082323796664,1.2181993923409336,5.448215524932564,0.0,0.0,0.0,0.3842887289066628,1.2052195205655736,5.22041938594751,-0.004057905668696069,0.04043946258522088,0.29613047631866923
restricted,49,0.25,4.5,finite_length,5,10,Basic,SIV,1000,0.0010161214716780723,0.01820379258067261,0.026032084351492485,0.0,0.0,0.0,0.0,0.0,0.0,0.0010161214716780723,0.01820379258067261,0.026032084351492485
restricted,49,0.25,4.5,finite_length,5,10,Basic,TSLS,1000,0.0011162125130108988,0.01706921256201737,0.02361862971046641,0.0,0.0,0.0,0.0,0.0,0.0,0.0011162125130108986,0.017069212562017367,0.02361862971046641
restricted,49,0.25,4.5,finite_length,5,10,GFE,SIV,1000,-1.3798899868923714e-05,0.04961722585604871,0.09046302932158308,-0.0010245383554355464,0.044779611882732155,0.08055337138651004,0.0,0.0,0.0,0.0010107394555666244,0.018459153322686227,0.027023358334355957
restricted,49,0.25,4.5,finite_length,5,10,GFE,TSLS,1000,0.019795946262067324,0.3729980424998015,0.566445633006962,0.018607778105260566,0.3727068921197002,0.564489708447905,0.0,0.0,0.0,0.001188168156806767,0.01726686004941589,0.024414140259799835
restricted,49,0.25,4.5,finite_length,5,10,GFE + Agg. Shock,SIV,1000,0.017040425176809114,0.13468131851703255,0.287122991282202,-0.009165824394572229,0.09482882702443547,0.18287821437029705,0.024889073045756653,0.08005900500509071,0.19875430871599853,0.0013171765256246907,0.020006787698727834,0.029999025805150747
restricted,49,0.25,4.5,finite_length,5,10,GFE + Agg. Shock,TSLS,1000,0.13188557581105279,2.9958892475659455,37.48933078191441,0.20166297420612733,0.9369497190549826,8.498410321032262,0.0054987952173258916,2.656156466299785,34.27004014585659,-0.07527619361239933,0.10797009847512345,1.9555379383034939
restricted,49,0.5,1.5,finite_length,5,10,Aggregate Shock,SIV,1000,0.019975427685391716,0.04449607793260808,0.06793028959206356,0.0,0.0,0.0,0.018576057623653556,0.03683345487441305,0.06585228039837167,0.0013993700617381637,0.0193952476621218,0.031810246861695736
restricted,49,0.5,1.5,finite_length,5,10,Aggregate Shock,TSLS,1000,0.17503919471459045,0.3736740250418995,1.4171943223294954,0.0,0.0,0.0,0.1815601503579029,0.36608049361795597,1.287273653113005,-0.006520955643312487,0.02583188053895908,0.15420987969196562
restricted,49,0.5,1.5,finite_length,5,10,Basic,SIV,1000,0.0010161214716780723,0.01820379258067261,0.026032084351492485,0.0,0.0,0.0,0.0,0.0,0.0,0.0010161214716780723,0.01820379258067261,0.026032084351492485
restricted,49,0.5,1.5,finite_length,5,10,Basic,TSLS,1000,0.0011162125130108988,0.01706921256201737,0.02361862971046641,0.0,0.0,0.0,0.0,0.0,0.0,0.0011162125130108986,0.017069212562017367,0.02361862971046641
restricted,49,0.5,1.5,finite_length,5,10,GFE,SIV,1000,-1.3798899868923714e-05,0.04961722585604871,0.09046302932158308,-0.0010245383554355464,0.044779611882732155,0.08055337138651004,0.0,0.0,0.0,0.0010107394555666244,0.018459153322686227,0.027023358334355957
restricted,49,0.5,1.5,finite_length,5,10,GFE,TSLS,1000,0.019795946262067324,0.3729980424998015,0.566445633006962,0.018607778105260566,0.3727068921197002,0.564489708447905,0.0,0.0,0.0,0.001188168156806767,0.01726686004941589,0.024414140259799835
restricted,49,0.5,1.5,finite_length,5,10,GFE + Agg. Shock,SIV,1000,0.0693573653408645,0.1384424930732469,0.21304714468526412,-0.006035564096738908,0.08726238604775675,0.14405013809193606,0.07423174162330332,0.09699690846076547,0.16057508768874088,0.0011611878143000735,0.019126561547576335,0.028441405074598306
restricted,49,0.5,1.5,finite_length,5,10,GFE + Agg. Shock,TSLS,1000,0.26388890563907247,0.694084662059451,4.54117770727501,-0.45216069805264303,0.9214879681613428,15.107508869664171,0.6161089952372203,0.6915840638487444,9.969714684936598,0.09994060845449489,0.12168759648986587,3.0325801324593935
restricted,49,0.5,3.0,finite_length,5,10,Aggregate Shock,SIV,1000,0.01242829118796245,0.04212256971925423,0.06622186138077173,0.0,0.0,0.0,0.011094584901199188,0.034493222539253396,0.062253269828803755,0.0013337062867632636,0.019428866165944258,0.030580518974355132
restricted,49,0.5,3.0,finite_length,5,10,Aggregate Shock,TSLS,1000,0.35659934507249336,0.73938737920721,2.7031917659480076,0.0,0.0,0.0,0.3631203007158058,0.7321609872359119,2.57454730622601,-0.006520955643312487,0.02583188053895908,0.15420987969196562
restricted,49,0.5,3.0,finite_length,5,10,Basic,SIV,1000,0.0010161214716780723,0.01820379258067261,0.026032084351492485,0.0,0.0,0.0,0.0,0.0,0.0,0.0010161214716780723,0.01820379258067261,0.026032084351492485
restricted,49,0.5,3.0,finite_length,5,10,Basic,TSLS,1000,0.0011162125130108988,0.01706921256201737,0.02361862971046641,0.0,0.0,0.0,0.0,0.0,0.0,0.0011162125130108986,0.017069212562017367,0.02361862971046641
restricted,49,0.5,3.0,finite_length,5,10,GFE,SIV,1000,-1.3798899868923714e-05,0.04961722585604871,0.09046302932158308,-0.0010245383554355464,0.044779611882732155,0.08055337138651004,0.0,0.0,0.0,0.0010107394555666244,0.018459153322686227,0.027023358334355957
restricted,49,0.5,3.0,finite_length,5,10,GFE,TSLS,1000,0.019795946262067324,0.3729980424998015,0.566445633006962,0.018607778105260566,0.3727068921197002,0.564489708447905,0.0,0.0,0.0,0.001188168156806767,0.01726686004941589,0.024414140259799835
restricted,49,0.5,3.0,finite_length,5,10,GFE + Agg. Shock,SIV,1000,0.06050659053147861,0.1449579993926127,0.24664420799252793,-0.007332635367962182,0.08990492790361801,0.15229105019036004,0.06668720919274335,0.1012732231463876,0.19894418680022366,0.0011520167066974415,0.019309796024693484,0.0287678066807748
restricted,49,0.5,3.0,finite_length,5,10,GFE + Agg. Shock,TSLS,1000,0.8799979008762929,1.1606372757070367,9.585562683230517,-0.45216069805264303,0.9214879681613428,15.107508869664171,1.2322179904744406,1.3831681276974888,19.939429369873196,0.09994060845449489,0.12168759648986587,3.0325801324593935
restricted,49,0.5,4.5,finite_length,5,10,Aggregate Shock,SIV,1000,0.009339011004069118,0.0412662213524256,0.06589008851938256,0.0,0.0,0.0,0.007988392464447656,0.03350986812896943,0.06144370790974229,0.0013506185396214656,0.019405974067012343,0.030270696422883103
restricted,49,0.5,4.5,finite_length,5,10,Aggregate Shock,TSLS,1000,0.5381594954303963,1.1053738880161996,3.9900123578421476,0.0,0.0,0.0,0.5446804510737088,1.0982414808538679,3.861820959339013,-0.006520955643312487,0.02583188053895908,0.15420987969196562
restricted,49,0.5,4.5,finite_length,5,10,Basic,SIV,1000,0.0010161214716780723,0.01820379258067261,0.026032084351492485,0.0,0.0,0.0,0.0,0.0,0.0,0.0010161214716780723,0.01820379258067261,0.026032084351492485
restricted,49,0.5,4.5,finite_length,5,10,Basic,TSLS,1000,0.0011162125130108988,0.01706921256201737,0.02361862971046641,0.0,0.0,0.0,0.0,0.0,0.0,0.0011162125130108986,0.017069212562017367,0.02361862971046641
restricted,49,0.5,4.5,finite_length,5,10,GFE,SIV,1000,-1.3798899868923714e-05,0.04961722585604871,0.09046302932158308,-0.0010245383554355464,0.044779611882732155,0.08055337138651004,0.0,0.0,0.0,0.0010107394555666244,0.018459153322686227,0.027023358334355957
restricted,49,0.5,4.5,finite_length,5,10,GFE,TSLS,1000,0.019795946262067324,0.3729980424998015,0.566445633006962,0.018607778105260566,0.3727068921197002,0.564489708447905,0.0,0.0,0.0,0.001188168156806767,0.01726686004941589,0.024414140259799835
restricted,49,0.5,4.5,finite_length,5,10,GFE + Agg. Shock,SIV,1000,0.05129041112539821,0.14646620584863915,0.27809855768533576,-0.00846080481116664,0.09087816524681643,0.15967991290664985,0.05858545156871024,0.10220608865778354,0.22201029625618315,0.0011657643678546054,0.019374422291580224,0.02891013575308338
restricted,49,0.5,4.5,finite_length,5,10,GFE + Agg. Shock,TSLS,1000,1.496106896113513,1.7974875745200116,19.024567031533525,-0.45216069805264303,0.9214879681613428,15.107508869664171,1.8483269857116607,2.074752191546234,29.909144054809783,0.09994060845449489,0.12168759648986587,3.0325801324593935
restricted,49,0.75,1.5,finite_length,5,10,Aggregate Shock,SIV,1000,0.046309565528518414,0.06748853638141351,0.12370835358630822,0.0,0.0,0.0,0.04651875428324311,0.06358528958136964,0.13787981588290793,-0.00020918875472469945,0.018368673034504002,0.0379506243978063
restricted,49,0.75,1.5,finite_length,5,10,Aggregate Shock,TSLS,1000,0.37176107805535186,0.3816126410491355,0.5501467093122495,0.0,0.0,0.0,0.3720411982818365,0.3795579593103625,0.5360399539792992,-0.00028012022648460366,0.015543208126427935,0.04391290665293583
restricted,49,0.75,1.5,finite_length,5,10,Basic,SIV,1000,0.0010161214716780723,0.01820379258067261,0.026032084351492485,0.0,0.0,0.0,0.0,0.0,0.0,0.0010161214716780723,0.01820379258067261,0.026032084351492485
restricted,49,0.75,1.5,finite_length,5,10,Basic,TSLS,1000,0.0011162125130108988,0.01706921256201737,0.02361862971046641,0.0,0.0,0.0,0.0,0.0,0.0,0.0011162125130108986,0.017069212562017367,0.02361862971046641
restricted,49,0.75,1.5,finite_length,5,10,GFE,SIV,1000,-1.3798899868923714e-05,0.04961722585604871,0.09046302932158308,-0.0010245383554355464,0.044779611882732155,0.08055337138651004,0.0,0.0,0.0,0.0010107394555666244,0.018459153322686227,0.027023358334355957
restricted,49,0.75,1.5,finite_length,5,10,GFE,TSLS,1000,0.019795946262067324,0.3729980424998015,0.566445633006962,0.018607778105260566,0.3727068921197002,0.564489708447905,0.0,0.0,0.0,0.001188168156806767,0.01726686004941589,0.024414140259799835
restricted,49,0.75,1.5,finite_length,5,10,GFE + Agg. Shock,SIV,1000,0.13539258435628201,0.1794126765143566,0.2762871818948438,-0.0059974685730161455,0.08129368839645629,0.13494686917169277,0.13987574580223508,0.15663315244331785,0.24049062634319396,0.0015143071270630958,0.018157731350577393,0.035383364482383
restricted,49,0.75,1.5,finite_length,5,10,GFE + Agg. Shock,TSLS,1000,0.3468241662027018,0.47754058935221166,1.250504033275137,-0.019358341772699236,0.29024187237744453,1.1934655828675187,0.3670888602336006,0.3734803637767326,0.4271000825553252,-0.0009063522581995245,0.015591128275314479,0.04206064384049166
restricted,49,0.75,3.0,finite_length,5,10,Aggregate Shock,SIV,1000,0.039134665783838715,0.0712776317836265,0.3428247054368904,0.0,0.0,0.0,0.04176081929949938,0.07010240938201043,0.4426751435658206,-0.002626153515660657,0.020937661717744305,0.1077766171968928
restricted,49,0.75,3.0,finite_length,5,10,Aggregate Shock,TSLS,1000,0.7438022763371884,0.7611340236939313,1.0853903098368545,0.0,0.0,0.0,0.744082396563673,0.759115918620725,1.0720799079585983,-0.00028012022648460366,0.015543208126427935,0.04391290665293583
restricted,49,0.75,3.0,finite_length,5,10,Basic,SIV,1000,0.0010161214716780723,0.01820379258067261,0.026032084351492485,0.0,0.0,0.0,0.0,0.0,0.0,0.0010161214716780723,0.01820379258067261,0.026032084351492485
restricted,49,0.75,3.0,finite_length,5,10,Basic,TSLS,1000,0.0011162125130108988,0.01706921256201737,0.02361862971046641,0.0,0.0,0.0,0.0,0.0,0.0,0.0011162125130108986,0.017069212562017367,0.02361862971046641
restricted,49,0.75,3.0,finite_length,5,10,GFE,SIV,1000,-1.3798899868923714e-05,0.04961722585604871,0.09046302932158308,-0.0010245383554355464,0.044779611882732155,0.08055337138651004,0.0,0.0,0.0,0.0010107394555666244,0.018459153322686227,0.027023358334355957
restricted,49,0.75,3.0,finite_length,5,10,GFE,TSLS,1000,0.019795946262067324,0.3729980424998015,0.566445633006962,0.018607778105260566,0.3727068921197002,0.564489708447905,0.0,0.0,0.0,0.001188168156806767,0.01726686004941589,0.024414140259799835
restricted,49,0.75,3.0,finite_length,5,10,GFE + Agg. Shock,SIV,1000,0.13021519504013102,0.19162392744630558,0.30996302035517576,-0.006220704980584037,0.08438449538776513,0.14296907342477078,0.13528910351265802,0.167307747914107,0.2778950202731849,0.0011467965080570275,0.018070257187647265,0.029905368574166043
restricted,49,0.75,3.0,finite_length,5,10,GFE + Agg. Shock,TSLS,1000,0.7139130264363024,0.8117850270506718,1.431971117160364,-0.019358341772699236,0.29024187237744453,1.1934655828675187,0.7341777204672012,0.7469607275534652,0.8542001651106504,-0.0009063522581995245,0.015591128275314479,0.04206064384049166
restricted,49,0.75,4.5,finite_length,5,10,Aggregate Shock,SIV,1000,1.5143146654026647,1.551831004660118,47.2021313770841,0.0,0.0,0.0,1.9896236364193582,2.023322017997346,62.255040496127606,-0.4753089710166936,0.4936623982071754,15.05296537574047
restricted,49,0.75,4.5,finite_length,5,10,Aggregate Shock,TSLS,1000,1.1158434746190249,1.1406876471450478,1.6211602364148483,0.0,0.0,0.0,1.1161235948455095,1.1386738779310877,1.6081198619378976,-0.00028012022648460366,0.015543208126427935,0.04391290665293583
restricted,49,0.75,4.5,finite_length,5,10,Basic,SIV,1000,0.0010161214716780723,0.01820379258067261,0.026032084351492485,0.0,0.0,0.0,0.0,0.0,0.0,0.0010161214716780723,0.01820379258067261,0.026032084351492485
restricted,49,0.75,4.5,finite_length,5,10,Basic,TSLS,1000,0.0011162125130108988,0.01706921256201737,0.02361862971046641,0.0,0.0,0.0,0.0,0.0,0.0,0.0011162125130108986,0.017069212562017367,0.02361862971046641
restricted,49,0.75,4.5,finite_length,5,10,GFE,SIV,1000,-1.3798899868923714e-05,0.04961722585604871,0.09046302932158308,-0.0010245383554355464,0.044779611882732155,0.08055337138651004,0.0,0.0,0.0,0.0010107394555666244,0.018459153322686227,0.027023358334355957
restricted,49,0.75,4.5,finite_length,5,10,GFE,TSLS,1000,0.019795946262067324,0.3729980424998015,0.566445633006962,0.018607778105260566,0.3727068921197002,0.564489708447905,0.0,0.0,0.0,0.001188168156806767,0.01726686004941589,0.024414140259799835
restricted,49,0.75,4.5,finite_length,5,10,GFE + Agg. Shock,SIV,1000,0.1161813637535405,0.19339151143158867,0.33125674114612713,-0.006850895211596452,0.08489721477298874,0.14522274072935124,0.12194799223641381,0.16733152448745084,0.301948774215397,0.0010842667287231632,0.01809630483193461,0.02945714647010825
restricted,49,0.75,4.5,finite_length,5,10,GFE + Agg. Shock,TSLS,1000,1.081001886669903,1.1767642285635849,1.7035701290416987,-0.019358341772699236,0.29024187237744453,1.1934655828675187,1.1012665807008017,1.1204410913301976,1.2813002476659756,-0.0009063522581995245,0.015591128275314479,0.04206064384049166
