state,year,Y_it_lag2,W_it_lag2,Z_t_lag2
AK,1994,,,
AK,1995,,,
AK,1996,0.03197832973999204,0.0,1.2350360798637452e-05
AK,1997,0.05600717121878551,0.0,2.6178869679525138e-06
AK,1998,0.3286911010578524,0.0,2.477356420395867e-06
AK,1999,0.2833262552324727,0.0,2.331667454090195e-06
AK,2000,0.10324478078455623,0.0,2.2068194195805615e-06
AK,2001,0.14378510217567508,0.00017910462070708634,2.0765905249275634e-06
AK,2002,0.15153754437433986,0.0,1.95103830356439e-06
AK,2003,-0.023393574996794175,-0.00017381752060920572,1.8900145710673346e-06
AK,2004,0.008395053374724348,0.0,1.829975469407581e-06
AK,2005,0.16533244241126432,0.00017038115697386917,1.7457415580629926e-06
AK,2006,0.12281974874329338,0.00016378727667633173,2.4555553184125742e-06
AK,2007,0.04152463521603256,0.0,1.8406041414973637e-05
AK,2008,-0.018980415265659634,-0.00015334855344590877,5.139124422038505e-05
AK,2009,-0.008579479348871377,0.0008990049856828906,0.00024099446450577295
AK,2010,-0.037034960976642495,0.0019481520465118407,0.0004068367132143269
AK,2011,0.03218722654645623,0.0007559814652333396,0.00031470024281037907
AK,2012,0.051796041145657945,0.0036420711025552414,0.00026956503923092156
AK,2013,-0.12621243311020436,0.01995001593901058,4.715672413977106e-05
AK,2014,0.05060602260349434,0.016991908837484405,-0.00016116398061519785
AK,2015,0.23156145090047975,0.0022686680537713985,-0.00018808109191907233
AK,2016,-0.025734258022380274,0.0026141140106803436,-0.00013396138640608415
AK,2017,-0.08667541119669675,-0.002770581853100659,-7.843730143160751e-06
AK,2018,-0.011966396110848265,-0.0021675666509287143,3.418078256755588e-05
AK,2019,0.01557721006949242,0.00015324939498910612,8.86364137144398e-05
AK,2020,0.06932783587519964,-0.004127263846695881,8.326670584881558e-05
AK,2021,0.07031789838073177,-0.0017920619232563474,0.00018430842199191306
AK,2022,0.11444188006405476,0.0016018938110892345,0.00018759986856781277
AL,1994,,,
AL,1995,,,
AL,1996,0.14231256576168327,0.0,1.2350360798637452e-05
AL,1997,0.0274618927930943,0.0,2.6178869679525138e-06
AL,1998,-0.003432631482887416,0.0,2.477356420395867e-06
AL,1999,0.04291067767409462,0.0,2.331667454090195e-06
AL,2000,0.07797384831889609,0.0,2.2068194195805615e-06
AL,2001,0.022471664371154887,0.0,2.0765905249275634e-06
AL,2002,0.017571182272365427,0.0,1.95103830356439e-06
AL,2003,0.0954280109843646,0.0,1.8900145710673346e-06
AL,2004,0.04508499780974784,0.0,1.829975469407581e-06
AL,2005,0.07251873062295733,0.0,1.7457415580629926e-06
AL,2006,0.08396803644440709,0.0,2.4555553184125742e-06
AL,2007,0.030149211028922984,0.0,1.8406041414973637e-05
AL,2008,-0.040023604950916614,0.0,5.139124422038505e-05
AL,2009,-0.26097984266026497,0.0,0.00024099446450577295
AL,2010,-0.049866105700824725,0.0,0.0004068367132143269
AL,2011,0.10463213811652139,0.0,0.00031470024281037907
AL,2012,-0.18860617306363636,0.0,0.00026956503923092156
AL,2013,-0.10746239714610262,0.0,4.715672413977106e-05
AL,2014,0.043848118015101356,0.0,-0.00016116398061519785
AL,2015,-0.04740472979468535,0.0,-0.00018808109191907233
AL,2016,-0.1732170481019546,0.0002765303129409835,-0.00013396138640608415
AL,2017,-0.21020216595030305,0.0016367446531992634,-7.843730143160751e-06
AL,2018,-0.061421509850081435,0.0029919279532577537,3.418078256755588e-05
AL,2019,-0.09947246526484488,0.011060601003978208,8.86364137144398e-05
AL,2020,-0.22467071201788702,0.014509599298788858,8.326670584881558e-05
AL,2021,0.03340367850170711,0.010651814448080723,0.00018430842199191306
AL,2022,0.2617962100911635,0.016992179450656248,0.00018759986856781277
AR,1994,,,
AR,1995,,,
AR,1996,0.1461808399967799,0.0,1.2350360798637452e-05
AR,1997,0.014713323587262295,0.0,2.6178869679525138e-06
AR,1998,-0.005367973919059743,0.0,2.477356420395867e-06
AR,1999,0.09360921732378102,0.0,2.331667454090195e-06
AR,2000,0.03700681198243405,0.00026574345855648064,2.2068194195805615e-06
AR,2001,0.026473306961835696,0.0,2.0765905249275634e-06
AR,2002,-0.004043733766036617,-0.00025108034109125077,1.95103830356439e-06
AR,2003,-0.001104103373902987,0.0,1.8900145710673346e-06
AR,2004,0.10215674651685802,0.0,1.829975469407581e-06
AR,2005,0.0064323145430726925,0.0009004236477254011,1.7457415580629926e-06
AR,2006,0.004179494431714836,0.0,2.4555553184125742e-06
AR,2007,0.11224227756599259,-0.0008407984968297756,1.8406041414973637e-05
AR,2008,0.06679253665021267,0.0,5.139124422038505e-05
AR,2009,0.023103025244282094,0.0,0.00024099446450577295
AR,2010,0.13563451622886813,0.0,0.0004068367132143269
AR,2011,0.19439254171390452,0.0,0.00031470024281037907
AR,2012,0.06358990888800431,0.0,0.00026956503923092156
AR,2013,0.10134922239845245,0.0,4.715672413977106e-05
AR,2014,0.12121553618341174,0.0,-0.00016116398061519785
AR,2015,-0.2845931553491603,4.094495779721151e-05,-0.00018808109191907233
AR,2016,-0.16190650961089048,0.0009610738321907322,-0.00013396138640608415
AR,2017,0.1917806946349696,0.0011086140964441063,-7.843730143160751e-06
AR,2018,0.1887226799756503,0.006254356504778807,3.418078256755588e-05
AR,2019,-0.07383390819049396,0.14087794198766232,8.86364137144398e-05
AR,2020,-0.49022076136367865,0.13726885997807878,8.326670584881558e-05
AR,2021,-0.0374841918818678,0.034740034631388,0.00018430842199191306
AR,2022,0.41396630510534216,0.057495692065986426,0.00018759986856781277
AZ,1994,,,
AZ,1995,,,
AZ,1996,-0.18509492483890622,0.0,1.2350360798637452e-05
AZ,1997,0.056368269204304156,0.0,2.6178869679525138e-06
AZ,1998,0.13822134931075514,0.0,2.477356420395867e-06
AZ,1999,0.10890680224068472,0.0,2.331667454090195e-06
AZ,2000,0.13790803469868518,0.0,2.2068194195805615e-06
AZ,2001,0.10822562521657986,0.0,2.0765905249275634e-06
AZ,2002,0.018056760243019276,0.0,1.95103830356439e-06
AZ,2003,0.03793897352983944,0.0,1.8900145710673346e-06
AZ,2004,0.15032958116341177,4.479086248574109e-05,1.829975469407581e-06
AZ,2005,0.1222148223208892,0.00016383693319449154,1.7457415580629926e-06
AZ,2006,0.03793817826723789,0.00010784843564793041,2.4555553184125742e-06
AZ,2007,0.06006262298119669,-5.656334518992536e-05,1.8406041414973637e-05
AZ,2008,0.08322030491675303,2.897594336144263e-06,5.139124422038505e-05
AZ,2009,-0.018746114769602862,0.0003134080756705111,0.00024099446450577295
AZ,2010,0.007494540537647865,0.001236152873615734,0.0004068367132143269
AZ,2011,0.06340625438334957,0.002951780306229021,0.00031470024281037907
AZ,2012,-0.051033971669094846,0.013233266341544798,0.00026956503923092156
AZ,2013,0.07829293291644124,0.02071793251515499,4.715672413977106e-05
AZ,2014,0.09783363290489966,0.02012400415958167,-0.00016116398061519785
AZ,2015,-0.09707067465336205,0.013407448796599383,-0.00018808109191907233
AZ,2016,-0.1757439339731155,0.009017270356186376,-0.00013396138640608415
AZ,2017,-0.11116691063451167,0.018737548177531815,-7.843730143160751e-06
AZ,2018,0.02317900958563701,0.011596731327256833,3.418078256755588e-05
AZ,2019,-0.11299149850158674,-0.002550728476693675,8.86364137144398e-05
AZ,2020,-0.3877058845281187,0.012743208135984938,8.326670584881558e-05
AZ,2021,-0.268990274336697,0.03254776394657163,0.00018430842199191306
AZ,2022,0.009595853449106961,0.043762077194923754,0.00018759986856781277
CA,1994,,,
CA,1995,,,
CA,1996,-0.3826420636075194,-0.001141722265013037,1.2350360798637452e-05
CA,1997,-0.03609520487609341,0.00041660470729088363,2.6178869679525138e-06
CA,1998,0.19018848880965544,-0.0014765673266621687,2.477356420395867e-06
CA,1999,0.23997684704996658,0.00038231791541891723,2.331667454090195e-06
CA,2000,0.3511667947094095,0.0031100770166362073,2.2068194195805615e-06
CA,2001,0.4048602088623383,0.0014403815631789537,2.0765905249275634e-06
CA,2002,0.03082196999998299,0.0018409386531431868,1.95103830356439e-06
CA,2003,-0.07915031888359536,0.0018228951484497895,1.8900145710673346e-06
CA,2004,0.19308550144177694,0.0025607414987735217,1.829975469407581e-06
CA,2005,0.06912119291022112,0.001979647476788749,1.7457415580629926e-06
CA,2006,0.05135543149762256,0.002551541419461516,2.4555553184125742e-06
CA,2007,0.2072679973217335,0.006226586689004104,1.8406041414973637e-05
CA,2008,0.11594591674265065,0.005313226711978958,5.139124422038505e-05
CA,2009,-0.012826218017816693,0.004658996558756298,0.00024099446450577295
CA,2010,-0.12640819095517308,0.0051792120576940655,0.0004068367132143269
CA,2011,-0.2567650943080846,0.011414980392426739,0.00031470024281037907
CA,2012,0.1218228010349387,0.019566857911794206,0.00026956503923092156
CA,2013,0.23597613882152757,0.0324951758710238,4.715672413977106e-05
CA,2014,-0.029138885541530435,0.046417729205567415,-0.00016116398061519785
CA,2015,-0.03123630634181307,0.040098705089373146,-0.00018808109191907233
CA,2016,-0.2550908208442495,0.03681159093030433,-0.00013396138640608415
CA,2017,-0.28864189659566275,0.039486485285082744,-7.843730143160751e-06
CA,2018,-0.07012482207416326,0.0406359711774386,3.418078256755588e-05
CA,2019,-0.04884029645789223,0.02133812354472528,8.86364137144398e-05
CA,2020,0.004458005400698184,0.016037563243806733,8.326670584881558e-05
CA,2021,0.12875639421547103,0.04314186654416077,0.00018430842199191306
CA,2022,-0.07254711395253644,0.04018359265530715,0.00018759986856781277
CO,1994,,,
CO,1995,,,
CO,1996,-0.011040637051013213,3.6511750504888294e-05,1.2350360798637452e-05
CO,1997,0.03142858963758233,2.567466353662552e-05,2.6178869679525138e-06
CO,1998,0.046159853439346143,7.20941508258128e-06,2.477356420395867e-06
CO,1999,0.03410215467365063,7.565007003744973e-05,2.331667454090195e-06
CO,2000,0.07491207753796036,3.378826054359841e-05,2.2068194195805615e-06
CO,2001,0.13424576630035645,0.0009964256565250205,2.0765905249275634e-06
CO,2002,0.05803365552459283,0.0031808481764379775,1.95103830356439e-06
CO,2003,0.029184108834025224,0.0022918168398096124,1.8900145710673346e-06
CO,2004,0.04489920191635477,0.001631753090653425,1.829975469407581e-06
CO,2005,0.038378739192360456,0.01244966271560482,1.7457415580629926e-06
CO,2006,0.04215339838382093,0.012940994323555055,2.4555553184125742e-06
CO,2007,0.034385431644674114,0.009693628688761807,1.8406041414973637e-05
CO,2008,-0.022495841242495374,0.04376959845318418,5.139124422038505e-05
CO,2009,-0.08350300273339517,0.0350683134224741,0.00024099446450577295
CO,2010,0.023692750060456014,0.006405591180091668,0.0004068367132143269
CO,2011,0.06021919213214755,0.039267149435705036,0.00031470024281037907
CO,2012,-0.0035710792877017283,0.04595333951249552,0.00026956503923092156
CO,2013,0.03966912679937007,0.03698572678703178,4.715672413977106e-05
CO,2014,0.006095420366609261,0.024929130229892276,-0.00016116398061519785
CO,2015,-0.030173308423337986,0.00650054608108061,-0.00018808109191907233
CO,2016,-0.003949142917273996,0.041907739725845196,-0.00013396138640608415
CO,2017,-0.03044946473354404,0.04399967963251318,-7.843730143160751e-06
CO,2018,-0.08936305234771336,0.01596859588830057,3.418078256755588e-05
CO,2019,-0.10287494421301258,-0.0016465149227369615,8.86364137144398e-05
CO,2020,-0.15508723984440298,0.05902028460509619,8.326670584881558e-05
CO,2021,-0.02475013082746269,0.11799747190205448,0.00018430842199191306
CO,2022,0.19051002262446914,0.09408476625425875,0.00018759986856781277
CT,1994,,,
CT,1995,,,
CT,1996,0.15493213502411285,0.0004833383856497024,1.2350360798637452e-05
CT,1997,0.2642562038263616,0.0005810055010081376,2.6178869679525138e-06
CT,1998,0.021229025015956804,-3.0499168367414263e-05,2.477356420395867e-06
CT,1999,-0.4693238199338752,-0.0004018386195021275,2.331667454090195e-06
CT,2000,0.032837005207973835,-0.0004378832272662574,2.2068194195805615e-06
CT,2001,0.3019719949592665,3.536492592831729e-05,2.0765905249275634e-06
CT,2002,-0.038698161594324265,0.00033404741131031883,1.95103830356439e-06
CT,2003,0.010533022999404729,0.00046422016703151665,1.8900145710673346e-06
CT,2004,0.16334613230877393,4.3255071395648364e-05,1.829975469407581e-06
CT,2005,0.191141151891844,-0.00026138281709842717,1.7457415580629926e-06
CT,2006,0.11621623805292458,-0.00035221206121957934,2.4555553184125742e-06
CT,2007,-0.038297649557014424,0.00045406017018163875,1.8406041414973637e-05
CT,2008,-0.10387420402267011,0.0007300897582882302,5.139124422038505e-05
CT,2009,-0.26059083635523805,-0.0007842211464204257,0.00024099446450577295
CT,2010,-0.09482210867981333,-0.0007470702352713851,0.0004068367132143269
CT,2011,-0.16285965166168337,0.0,0.00031470024281037907
CT,2012,-0.1743646058365398,0.0,0.00026956503923092156
CT,2013,0.06647879893335551,0.0,4.715672413977106e-05
CT,2014,-0.07246248539828226,0.00040707206093625124,-0.00016116398061519785
CT,2015,0.08400031510500039,0.0005122380228697962,-0.00018808109191907233
CT,2016,-0.008316714804128988,0.0007659718183332226,-0.00013396138640608415
CT,2017,-0.19080055112040295,0.0011326512491735515,-7.843730143160751e-06
CT,2018,0.14828403793758405,0.002174182233989407,3.418078256755588e-05
CT,2019,0.22263987199692625,0.02900808601605768,8.86364137144398e-05
CT,2020,0.05342527457484891,0.028492492751125028,8.326670584881558e-05
CT,2021,0.17560146357305495,0.002649655199193116,0.00018430842199191306
CT,2022,-0.07308798090003554,0.005643670647532385,0.00018759986856781277
DC,1994,,,
DC,1995,,,
DC,1996,-0.7680165316448038,-0.00011404154158884399,1.2350360798637452e-05
DC,1997,-0.8922884560784252,-2.212999977644786e-05,2.6178869679525138e-06
DC,1998,0.6640265457353998,-0.00012061881269711391,2.477356420395867e-06
DC,1999,1.0425968536413779,0.00029489456153207374,2.331667454090195e-06
DC,2000,-0.4097366982815731,0.0006906984957569972,2.2068194195805615e-06
DC,2001,-0.5248276380090171,0.000644157438212425,2.0765905249275634e-06
DC,2002,0.44249325815104346,0.001315880434314534,1.95103830356439e-06
DC,2003,-0.6744215446183688,0.0011223070712862424,1.8900145710673346e-06
DC,2004,-1.6280854071819666,0.0010804199225994413,1.829975469407581e-06
DC,2005,1.027982899809385,0.0017955017625592626,1.7457415580629926e-06
DC,2006,0.5832281073393837,0.0028382358620984843,2.4555553184125742e-06
DC,2007,-0.9907120279597845,0.00384520910443935,1.8406041414973637e-05
DC,2008,-0.32302082463244064,0.006695413027851233,5.139124422038505e-05
DC,2009,-0.8369286377613587,0.008909011874410894,0.00024099446450577295
DC,2010,0.9840977380818059,0.009214576799722816,0.0004068367132143269
DC,2011,1.8246073293902363,0.00995050137223682,0.00031470024281037907
DC,2012,-2.779990245725057,0.010281302464068236,0.00026956503923092156
DC,2013,-8.180944137048971,0.011444034910790787,4.715672413977106e-05
DC,2014,-5.2538880034183,0.011324954633769764,-0.00016116398061519785
DC,2015,-0.04811421827639961,0.00956723459710218,-0.00018808109191907233
DC,2016,-0.043420061529777954,0.01587811086117005,-0.00013396138640608415
DC,2017,-0.009246432579312014,0.01917060171170703,-7.843730143160751e-06
DC,2018,-0.003998639066324472,0.014204190024867303,3.418078256755588e-05
DC,2019,-0.08834750507197953,-0.048718279504557184,8.86364137144398e-05
DC,2020,-0.03278103107600572,-0.05572197269400261,8.326670584881558e-05
DC,2021,0.0014205314489448284,0.003818605494956598,0.00018430842199191306
DC,2022,-0.03230997268466673,0.012353532386350237,0.00018759986856781277
DE,1994,,,
DE,1995,,,
DE,1996,-0.10613934390349744,7.314128012910964e-05,1.2350360798637452e-05
DE,1997,-0.1268409158970094,0.000258338462059749,2.6178869679525138e-06
DE,1998,-0.14741001159396339,0.0002434715675451267,2.477356420395867e-06
DE,1999,-0.22223027667667727,0.00021969270683764035,2.331667454090195e-06
DE,2000,0.046935278930058555,0.0005624186802723389,2.2068194195805615e-06
DE,2001,0.054817664374376296,0.0004003917841880461,2.0765905249275634e-06
DE,2002,-0.061952865352906894,0.0008761325251134816,1.95103830356439e-06
DE,2003,0.25105942764406475,0.0007518297622025996,1.8900145710673346e-06
DE,2004,0.2638148048066906,-7.402440582293946e-05,1.829975469407581e-06
DE,2005,0.1866985358012654,0.0003282807290777144,1.7457415580629926e-06
DE,2006,0.0350516073687106,0.0014542209270340346,2.4555553184125742e-06
DE,2007,0.0952058350457543,0.0015191305062405784,1.8406041414973637e-05
DE,2008,0.08693209256411993,0.003498915235925958,5.139124422038505e-05
DE,2009,-0.5425249599654558,0.008208902677419399,0.00024099446450577295
DE,2010,-0.4450657659282484,0.006503209232184406,0.0004068367132143269
DE,2011,-0.16733413627031402,0.00348123434809948,0.00031470024281037907
DE,2012,-0.07391554207749174,0.001543704641563684,0.00026956503923092156
DE,2013,0.0901293392133935,0.00625941691367683,4.715672413977106e-05
DE,2014,-0.26581596266770324,0.009017535110342296,-0.00016116398061519785
DE,2015,-0.3539620546132718,0.004315622673017971,-0.00018808109191907233
DE,2016,-0.07231871040981419,0.0013900737709586553,-0.00013396138640608415
DE,2017,-0.12502615680460627,0.00937617142579456,-7.843730143160751e-06
DE,2018,-0.35948883655369634,0.02442292808724777,3.418078256755588e-05
DE,2019,-0.5435956589058117,-0.004045833129160133,8.86364137144398e-05
DE,2020,-0.34726936872523706,-0.020801603912485863,8.326670584881558e-05
DE,2021,0.12423169085126906,0.00547928388494004,0.00018430842199191306
DE,2022,0.004892187434566875,0.016210187241309522,0.00018759986856781277
FL,1994,,,
FL,1995,,,
FL,1996,0.09174202850721258,1.960355253958358e-05,1.2350360798637452e-05
FL,1997,0.07349699589986347,4.2625146884061486e-05,2.6178869679525138e-06
FL,1998,0.06680919246306871,-5.234620071813553e-05,2.477356420395867e-06
FL,1999,0.015127038983528962,6.597261696275592e-06,2.331667454090195e-06
FL,2000,0.012437987153605334,0.00013269531848816892,2.2068194195805615e-06
FL,2001,0.03968392632721507,0.00015068908803055723,2.0765905249275634e-06
FL,2002,0.04888365305236242,0.00021658223850013847,1.95103830356439e-06
FL,2003,0.10119508015133505,0.00013964307934288952,1.8900145710673346e-06
FL,2004,0.06243059308550247,6.642510855482905e-05,1.829975469407581e-06
FL,2005,0.02166513025512984,0.00022027672946337975,1.7457415580629926e-06
FL,2006,0.03568354561760412,0.00044325317949012476,2.4555553184125742e-06
FL,2007,0.0560651955282907,0.0004548226134062478,1.8406041414973637e-05
FL,2008,-0.005940746063203051,0.0008171613113168116,5.139124422038505e-05
FL,2009,-0.09271621788359763,0.001241725627954489,0.00024099446450577295
FL,2010,0.04010560289316878,0.0009412840495618825,0.0004068367132143269
FL,2011,0.02912356159738927,0.001225668722321149,0.00031470024281037907
FL,2012,-0.11004181921656553,0.0012396298420009322,0.00026956503923092156
FL,2013,-0.022740176452272998,0.0010103778616739733,4.715672413977106e-05
FL,2014,0.08647003864618696,0.0003702707152231109,-0.00016116398061519785
FL,2015,0.022816606950643248,0.0005811575357809458,-0.00018808109191907233
FL,2016,-0.06019815346755042,0.0015158699175568675,-0.00013396138640608415
FL,2017,-0.04758643662248119,0.0027726850515592087,-7.843730143160751e-06
FL,2018,-0.10741367057287832,0.0077804641269554175,3.418078256755588e-05
FL,2019,-0.19345411147568026,0.008345880530132894,8.86364137144398e-05
FL,2020,-0.1491481778370316,0.012530618863354576,8.326670584881558e-05
FL,2021,-0.023030889451120196,0.02125471619031464,0.00018430842199191306
FL,2022,-0.02061904928214897,0.021988237195196103,0.00018759986856781277
GA,1994,,,
GA,1995,,,
GA,1996,0.03515953084627821,8.345700245057873e-05,1.2350360798637452e-05
GA,1997,0.04064592193165861,5.394671077756537e-05,2.6178869679525138e-06
GA,1998,0.0777103672053494,-1.5851493804073672e-05,2.477356420395867e-06
GA,1999,0.03326389452946099,3.585514934982702e-05,2.331667454090195e-06
GA,2000,0.07005385522687213,4.908653585729405e-05,2.2068194195805615e-06
GA,2001,-0.0039973178124679265,6.846563611241691e-05,2.0765905249275634e-06
GA,2002,0.026898890110707008,9.962061819311651e-05,1.95103830356439e-06
GA,2003,0.11008825424558566,0.00011035538926166382,1.8900145710673346e-06
GA,2004,0.07377759593675748,0.00021863477983622695,1.829975469407581e-06
GA,2005,0.15029010807394894,4.328701694001565e-05,1.7457415580629926e-06
GA,2006,0.10731897146893754,5.9730299259205774e-05,2.4555553184125742e-06
GA,2007,0.05416333952103791,0.00011678557920428417,1.8406041414973637e-05
GA,2008,-0.005037725803932247,0.0005934938961796129,5.139124422038505e-05
GA,2009,-0.19954934280468617,0.001224294260406415,0.00024099446450577295
GA,2010,-0.05861795279330728,0.0011862861872512006,0.0004068367132143269
GA,2011,-0.077074344529656,0.00244551280944172,0.00031470024281037907
GA,2012,-0.41877043052858554,0.002067763639014538,0.00026956503923092156
GA,2013,-0.24709698271347857,0.001400665277006656,4.715672413977106e-05
GA,2014,0.12898951680003634,0.0022310272472199975,-0.00016116398061519785
GA,2015,0.027556243681067905,0.0011151062007704912,-0.00018808109191907233
GA,2016,-0.02676612741429718,0.0040902542924740395,-0.00013396138640608415
GA,2017,-0.06489364463444947,0.010750820964769219,-7.843730143160751e-06
GA,2018,-0.13467940581262727,0.008906617865069511,3.418078256755588e-05
GA,2019,-0.13917019706925426,-0.0038287846064784634,8.86364137144398e-05
GA,2020,-0.43613189915933237,0.0016667581827235853,8.326670584881558e-05
GA,2021,-0.16414245032365837,0.012423740718890785,0.00018430842199191306
GA,2022,0.17513829646180312,0.01601454201669614,0.00018759986856781277
HI,1994,,,
HI,1995,,,
HI,1996,0.1308961912604878,0.00031783664195438353,1.2350360798637452e-05
HI,1997,0.03375949924047106,-0.0004127125630834167,2.6178869679525138e-06
HI,1998,-0.051502701335978784,-0.0004043078184892239,2.477356420395867e-06
HI,1999,-0.031766018998544254,0.0,2.331667454090195e-06
HI,2000,0.038855854866025386,-0.00020472967442017247,2.2068194195805615e-06
HI,2001,0.005654200326904668,-0.0014147756746228028,2.0765905249275634e-06
HI,2002,0.06951535618764071,-0.0014673420040283893,1.95103830356439e-06
HI,2003,0.004398018383017899,0.0,1.8900145710673346e-06
HI,2004,-0.042115873932872194,0.00047917547381854433,1.829975469407581e-06
HI,2005,-0.005194178904857516,0.00045616435251785584,1.7457415580629926e-06
HI,2006,-0.04051327187330056,0.006448383832500036,2.4555553184125742e-06
HI,2007,0.011760861398900424,0.02077883812126411,1.8406041414973637e-05
HI,2008,0.023145501844653804,0.01435277452539906,5.139124422038505e-05
HI,2009,-0.024953902929631955,0.001253850789195703,0.00024099446450577295
HI,2010,-0.002467640369303581,0.002098557980775744,0.0004068367132143269
HI,2011,-0.025011871443481937,0.008706702591195197,0.00031470024281037907
HI,2012,-0.01529746294285772,0.01135670269425107,0.00026956503923092156
HI,2013,-0.07705824132262684,0.016843619158829717,4.715672413977106e-05
HI,2014,-0.080305572107497,0.023112374519100826,-0.00016116398061519785
HI,2015,0.010358050814640585,0.014464917375921088,-0.00018808109191907233
HI,2016,0.05337173866048461,0.01100581354240495,-0.00013396138640608415
HI,2017,-0.013662555423777256,0.003986965649890066,-7.843730143160751e-06
HI,2018,-0.10457703403537799,0.005921868151059174,3.418078256755588e-05
HI,2019,-0.04440490674900888,0.009150586461415134,8.86364137144398e-05
HI,2020,-0.05408215410189854,0.029342638844313346,8.326670584881558e-05
HI,2021,-0.0781457773301737,0.03690513897431078,0.00018430842199191306
HI,2022,-0.1372023416016841,0.010776409655594045,0.00018759986856781277
IA,1994,,,
IA,1995,,,
IA,1996,0.04173501382608258,5.791769016105172e-06,1.2350360798637452e-05
IA,1997,-0.004498854219247228,1.8103857009146204e-05,2.6178869679525138e-06
IA,1998,0.14137811928211352,-3.0489722082910757e-05,2.477356420395867e-06
IA,1999,0.12451228383312873,0.004416312101207686,2.331667454090195e-06
IA,2000,0.053531942700933755,0.00649140730069385,2.2068194195805615e-06
IA,2001,0.06600848812472293,0.0020923607440808687,2.0765905249275634e-06
IA,2002,0.025213112245272562,0.005392269644114285,1.95103830356439e-06
IA,2003,0.035868227085046556,0.006210917089623026,1.8900145710673346e-06
IA,2004,0.05290078967687517,0.0015886686010830094,1.829975469407581e-06
IA,2005,0.012135012912117382,0.007962011275734626,1.7457415580629926e-06
IA,2006,-0.011133450226920694,0.015291422980688243,2.4555553184125742e-06
IA,2007,0.08198497204931066,0.01255421667105532,1.8406041414973637e-05
IA,2008,0.13286526854961256,0.016933440534829813,5.139124422038505e-05
IA,2009,-0.011091806756644118,0.04506951097196804,0.00024099446450577295
IA,2010,0.04282177659290287,0.04494497518701424,0.0004068367132143269
IA,2011,0.034094535455788666,0.03027749598281509,0.00031470024281037907
IA,2012,-0.15617415349472363,0.04947872484374175,0.00026956503923092156
IA,2013,-0.0932210643490734,0.04967136405065974,4.715672413977106e-05
IA,2014,0.0038879279891173013,0.02531821978745596,-0.00016116398061519785
IA,2015,-0.09613804478841548,0.023279074373413405,-0.00018808109191907233
IA,2016,-0.21225254526098247,0.05050394003750671,-0.00013396138640608415
IA,2017,-0.09587428586139435,0.03529542369841335,-7.843730143160751e-06
IA,2018,0.11958292603490772,-0.010162512312525872,3.418078256755588e-05
IA,2019,-0.12106592196996768,-0.06591139638890851,8.86364137144398e-05
IA,2020,-0.5642147881289716,-0.039067735345106644,8.326670584881558e-05
IA,2021,0.07657118727513179,0.036065783273224794,0.00018430842199191306
IA,2022,0.41219117925189597,0.0559231718843604,0.00018759986856781277
ID,1994,,,
ID,1995,,,
ID,1996,0.9267109629864207,-0.0002910449481264197,1.2350360798637452e-05
ID,1997,2.6715669064518752,-5.9605623702398535e-05,2.6178869679525138e-06
ID,1998,1.8621556675401998,-4.188032915689408e-05,2.477356420395867e-06
ID,1999,0.07035603896615106,0.00024075805033004538,2.331667454090195e-06
ID,2000,0.09114796422966598,0.0005794020371579729,2.2068194195805615e-06
ID,2001,1.866491917283255,0.0005957026331374382,2.0765905249275634e-06
ID,2002,0.593015512595189,0.0007775908940666672,1.95103830356439e-06
ID,2003,0.11774227324010159,0.000682240629633349,1.8900145710673346e-06
ID,2004,1.6359167152720893,0.0007053396159503116,1.829975469407581e-06
ID,2005,0.28842246373543035,0.0010998666761756328,1.7457415580629926e-06
ID,2006,-0.1562923661064744,0.00933442313284849,2.4555553184125742e-06
ID,2007,0.12523040975280186,0.01118562831535714,1.8406041414973637e-05
ID,2008,0.27472445417449,0.007367843471864916,5.139124422038505e-05
ID,2009,0.025941476474483527,0.010723556338319415,0.00024099446450577295
ID,2010,0.012087396292430497,0.014683610650024203,0.0004068367132143269
ID,2011,-0.40965964890175066,0.04590704689833785,0.00031470024281037907
ID,2012,0.1157704049943652,0.06775388643268246,0.00026956503923092156
ID,2013,1.1078357656587623,0.060666022631862125,4.715672413977106e-05
ID,2014,0.3124456617767223,0.04427832319897089,-0.00016116398061519785
ID,2015,0.11950384182473317,-0.0075472962493087865,-0.00018808109191907233
ID,2016,0.22708442911028925,-0.0030758438953811793,-0.00013396138640608415
ID,2017,-0.2669295374450398,0.03880903967569194,-7.843730143160751e-06
ID,2018,0.03397666382076081,0.025959753019705593,3.418078256755588e-05
ID,2019,0.4064115356185172,-0.002175889428232643,8.86364137144398e-05
ID,2020,0.25006934155518,0.017305743010340276,8.326670584881558e-05
ID,2021,0.17066766267614186,0.0770657158592007,0.00018430842199191306
ID,2022,-0.049528233090849305,0.05049694978887618,0.00018759986856781277
IL,1994,,,
IL,1995,,,
IL,1996,0.10558229576626132,0.0,1.2350360798637452e-05
IL,1997,0.1573257830228707,5.2714848498784516e-05,2.6178869679525138e-06
IL,1998,0.04450131222105025,5.711025336815515e-05,2.477356420395867e-06
IL,1999,-0.0016654084709131212,-5.241505156120823e-05,2.331667454090195e-06
IL,2000,0.09578240499396795,-5.46354193478505e-05,2.2068194195805615e-06
IL,2001,0.08779360739031095,0.0,2.0765905249275634e-06
IL,2002,0.05594461165204567,0.0,1.95103830356439e-06
IL,2003,0.07763610298853152,8.011063447538513e-05,1.8900145710673346e-06
IL,2004,0.11532110475088952,0.0003457999934550414,1.829975469407581e-06
IL,2005,0.08992589997082945,0.0005715318644119998,1.7457415580629926e-06
IL,2006,-0.0083010213866066,0.0007960366494125178,2.4555553184125742e-06
IL,2007,0.030274544984844276,0.0021719194967036314,1.8406041414973637e-05
IL,2008,0.05156552234346723,0.008766499680622944,5.139124422038505e-05
IL,2009,-0.03219042720344856,0.008495646821624792,0.00024099446450577295
IL,2010,0.016231559335922796,0.008658315970580739,0.0004068367132143269
IL,2011,0.03627523774859487,0.014948014807177421,0.00031470024281037907
IL,2012,-0.09610708821760294,0.013901104030488009,0.00026956503923092156
IL,2013,0.02759955291629268,0.01325325610349227,4.715672413977106e-05
IL,2014,0.09747125606530371,0.008071936203646385,-0.00016116398061519785
IL,2015,-0.13408827308339522,0.0055990124009702635,-0.00018808109191907233
IL,2016,-0.2520945470453766,0.005888575157939255,-0.00013396138640608415
IL,2017,-0.1718158266314287,0.008928944274149699,-7.843730143160751e-06
IL,2018,-0.015441754858292356,0.005809315575138845,3.418078256755588e-05
IL,2019,-0.15047671316723932,0.007964462757872017,8.86364137144398e-05
IL,2020,-0.49132053328216774,0.010654640846070897,8.326670584881558e-05
IL,2021,-0.05039678623349886,0.01671953758816731,0.00018430842199191306
IL,2022,0.3757467666268708,0.033547709057208365,0.00018759986856781277
IN,1994,,,
IN,1995,,,
IN,1996,0.008410652818415798,0.0,1.2350360798637452e-05
IN,1997,0.035455968647307046,0.0,2.6178869679525138e-06
IN,1998,0.06335328576600308,0.0,2.477356420395867e-06
IN,1999,0.04746436975389656,0.0,2.331667454090195e-06
IN,2000,0.08093033553624807,0.0,2.2068194195805615e-06
IN,2001,0.026510441905635673,0.0,2.0765905249275634e-06
IN,2002,-0.019588527792019583,0.0,1.95103830356439e-06
IN,2003,0.046290639587769356,0.0,1.8900145710673346e-06
IN,2004,0.07962186534976645,0.0,1.829975469407581e-06
IN,2005,0.08129336418398037,0.0,1.7457415580629926e-06
IN,2006,0.03913639721287332,0.0,2.4555553184125742e-06
IN,2007,-0.007943193064316567,0.0,1.8406041414973637e-05
IN,2008,-0.0010435856909882801,0.0019836185631199117,5.139124422038505e-05
IN,2009,-0.08426053948628276,0.011654977525697387,0.00024099446450577295
IN,2010,-0.028641060915185257,0.022741905919933,0.0004068367132143269
IN,2011,0.010241005569256778,0.01771962061942029,0.00031470024281037907
IN,2012,-0.15101948954652133,0.005485714537309635,0.00026956503923092156
IN,2013,-0.048739952950500154,0.006804609866074212,4.715672413977106e-05
IN,2014,0.10421403615707803,0.0042533618329922765,-0.00016116398061519785
IN,2015,-0.10908065090429542,0.013576704042532901,-0.00018808109191907233
IN,2016,-0.17005017758817242,0.018620144242981227,-0.00013396138640608415
IN,2017,-0.05206344889876302,0.006401222261634386,-7.843730143160751e-06
IN,2018,0.04944325946875949,-0.00033536678030309436,3.418078256755588e-05
IN,2019,-0.11840630779971661,0.015429231593753385,8.86364137144398e-05
IN,2020,-0.3335995592949077,0.025583728261607167,8.326670584881558e-05
IN,2021,-0.03694958528402115,0.023209139983463637,0.00018430842199191306
IN,2022,0.24590362674258692,0.03935501667566272,0.00018759986856781277
KS,1994,,,
KS,1995,,,
KS,1996,0.08790873321107284,0.0,1.2350360798637452e-05
KS,1997,0.05015320693287517,0.0,2.6178869679525138e-06
KS,1998,-0.06625644630570449,0.0,2.477356420395867e-06
KS,1999,0.07200915061697,0.0,2.331667454090195e-06
KS,2000,0.15611968849995783,0.0,2.2068194195805615e-06
KS,2001,0.07947112092190167,0.0007961825051773804,2.0765905249275634e-06
KS,2002,0.10176229805290049,0.00852333735217855,1.95103830356439e-06
KS,2003,0.1292662848029833,0.00604671802856814,1.8900145710673346e-06
KS,2004,0.016006210162133883,-0.0017324057863188228,1.829975469407581e-06
KS,2005,0.007276792203224858,0.0017687123971075577,1.7457415580629926e-06
KS,2006,-0.040309168043979327,0.013353288003180981,2.4555553184125742e-06
KS,2007,0.037778144872850916,0.011523934863079038,1.8406041414973637e-05
KS,2008,0.027547838588861673,0.0126251523072318,5.139124422038505e-05
KS,2009,-0.06174808316882796,0.02884148661173077,0.00024099446450577295
KS,2010,0.01904829867218183,0.027688419530932186,0.0004068367132143269
KS,2011,0.0009160273157657883,0.02143646252719812,0.00031470024281037907
KS,2012,-0.13411800811402053,0.037872832256574424,0.00026956503923092156
KS,2013,-0.009834718357561556,0.08809679207583919,4.715672413977106e-05
KS,2014,0.06618845453113753,0.08216107133214964,-0.00016116398061519785
KS,2015,-0.1561473957040942,0.03841802393693782,-0.00018808109191907233
KS,2016,-0.14200864131102087,0.06576358731098987,-0.00013396138640608415
KS,2017,-0.19070658472733104,0.10115429070456018,-7.843730143160751e-06
KS,2018,-0.11194758291756912,0.06275807203018731,3.418078256755588e-05
KS,2019,-0.09248474528071071,-0.0038677413435446012,8.86364137144398e-05
KS,2020,-0.08382167142930808,-0.0023296754083076375,8.326670584881558e-05
KS,2021,0.16212900934570307,0.05742866402116042,0.00018430842199191306
KS,2022,0.3307184509508909,0.09891377792592108,0.00018759986856781277
KY,1994,,,
KY,1995,,,
KY,1996,0.036725325458289326,0.0,1.2350360798637452e-05
KY,1997,0.04116728501179967,0.0,2.6178869679525138e-06
KY,1998,0.03717124824254636,0.0,2.477356420395867e-06
KY,1999,0.035632252579424595,0.0,2.331667454090195e-06
KY,2000,0.05328411213819617,0.0,2.2068194195805615e-06
KY,2001,0.04365273727446706,0.0,2.0765905249275634e-06
KY,2002,0.0029420844770466914,0.0002464732267240998,1.95103830356439e-06
KY,2003,-0.016280559522018123,0.00016036045975577595,1.8900145710673346e-06
KY,2004,0.04002809807563512,-7.162928649934889e-05,1.829975469407581e-06
KY,2005,0.08239305000175534,-2.508747134150042e-05,1.7457415580629926e-06
KY,2006,0.08225041597519755,-0.00015085267483253684,2.4555553184125742e-06
KY,2007,0.02416153713161684,0.0002552721765663553,1.8406041414973637e-05
KY,2008,0.0022256742748290037,0.0006360369577156916,5.139124422038505e-05
KY,2009,-0.04253838101819696,0.0010258418177649068,0.00024099446450577295
KY,2010,0.039959583039793856,0.00019190689317960416,0.0004068367132143269
KY,2011,0.1052640612208684,-0.0014431036484737884,0.00031470024281037907
KY,2012,-0.06887385305950477,0.002099180598048753,0.00026956503923092156
KY,2013,-0.028376310419438333,0.0007094859221097887,4.715672413977106e-05
KY,2014,0.05932130928025803,-0.003040961440272341,-0.00016116398061519785
KY,2015,-0.09527409459334901,-0.0007494449352775501,-0.00018808109191907233
KY,2016,-0.11947219039585733,0.0001826543695088613,-0.00013396138640608415
KY,2017,-0.17332935701540997,0.005979367994941076,-7.843730143160751e-06
KY,2018,-0.11425547546427328,0.004101494753750717,3.418078256755588e-05
KY,2019,-0.10059451608108638,0.02774488077952386,8.86364137144398e-05
KY,2020,-0.2258279239433163,0.02758830928046991,8.326670584881558e-05
KY,2021,0.018978143655234092,0.008608513771219328,0.00018430842199191306
KY,2022,0.25018716639197436,0.024298173254131923,0.00018759986856781277
LA,1994,,,
LA,1995,,,
LA,1996,-0.09594024071239904,0.00021434046613387657,1.2350360798637452e-05
LA,1997,0.0166887266215916,6.780215676307102e-05,2.6178869679525138e-06
LA,1998,0.1380077610512549,-0.00019971204042701552,2.477356420395867e-06
LA,1999,0.04962601769715569,-6.506902024858568e-05,2.331667454090195e-06
LA,2000,0.08954408058445917,0.0,2.2068194195805615e-06
LA,2001,0.03407150576199225,0.0,2.0765905249275634e-06
LA,2002,0.02869305848607162,0.0,1.95103830356439e-06
LA,2003,0.08642252388475669,0.0,1.8900145710673346e-06
LA,2004,0.08029500458580685,0.0,1.829975469407581e-06
LA,2005,0.11764966054648962,0.0,1.7457415580629926e-06
LA,2006,-0.00967233201776363,0.0,2.4555553184125742e-06
LA,2007,-0.07652404547435854,0.0029701511157206747,1.8406041414973637e-05
LA,2008,0.03451050174693204,0.004234797497034673,5.139124422038505e-05
LA,2009,0.03366871708898156,0.002959761838108193,0.00024099446450577295
LA,2010,0.07554794359255546,0.0009554807378569752,0.0004068367132143269
LA,2011,0.1595677155440942,-0.0006176487248026856,0.00031470024281037907
LA,2012,4.8208082588985235e-05,0.0019971236115450906,0.00026956503923092156
LA,2013,-0.10378933246078148,0.004433604122060689,4.715672413977106e-05
LA,2014,-0.0911590512301359,0.0075240420802543916,-0.00016116398061519785
LA,2015,-0.08473597325945459,0.003623159204223035,-0.00018808109191907233
LA,2016,-0.1393445171690466,0.0027001629517223883,-0.00013396138640608415
LA,2017,-0.1757304942732345,0.0223503792173639,-7.843730143160751e-06
LA,2018,-0.0626409572502542,0.01425313387129965,3.418078256755588e-05
LA,2019,-0.16937190311345063,0.042368038440379445,8.86364137144398e-05
LA,2020,-0.35772478012947406,0.05432337769701644,8.326670584881558e-05
LA,2021,0.02182910657661008,0.02209562296827632,0.00018430842199191306
LA,2022,0.3084014835469029,0.03570091351872327,0.00018759986856781277
MA,1994,,,
MA,1995,,,
MA,1996,0.02000343483118705,8.912686127446976e-07,1.2350360798637452e-05
MA,1997,0.16773606884159253,-9.908823665517007e-05,2.6178869679525138e-06
MA,1998,0.11986662079837007,-0.00011867287353522718,2.477356420395867e-06
MA,1999,-0.0750898911103004,0.00014734868741417376,2.331667454090195e-06
MA,2000,-0.07131303389831167,0.0003045300704120443,2.2068194195805615e-06
MA,2001,-0.03945713484972213,0.00025150870337911304,2.0765905249275634e-06
MA,2002,0.10308686288138436,0.00029773412365651663,1.95103830356439e-06
MA,2003,0.17396255017632534,5.545120888116294e-05,1.8900145710673346e-06
MA,2004,0.04454250823171435,6.135526657573613e-05,1.829975469407581e-06
MA,2005,0.0653933519593286,0.0002906078940038209,1.7457415580629926e-06
MA,2006,0.02781621769619047,0.000624424889576278,2.4555553184125742e-06
MA,2007,0.02357699412849712,0.000712822485491244,1.8406041414973637e-05
MA,2008,-0.055465239702854774,0.0012064571840372464,5.139124422038505e-05
MA,2009,-0.23322323792559363,0.0020715401743006292,0.00024099446450577295
MA,2010,-0.07019672773948749,0.0021300923092287248,0.0004068367132143269
MA,2011,-0.29966975705651544,0.003387284967843372,0.00031470024281037907
MA,2012,-0.5400716591813159,0.006783173306239813,0.00026956503923092156
MA,2013,-0.07570607389317452,0.010132349596565626,4.715672413977106e-05
MA,2014,-0.07033918595275024,0.009636177323126004,-0.00016116398061519785
MA,2015,-0.18533884636200915,0.006609880479721624,-0.00018808109191907233
MA,2016,-0.01970097598787479,0.007374384429627278,-0.00013396138640608415
MA,2017,-0.1320465967419744,0.010059916363906246,-7.843730143160751e-06
MA,2018,-0.4993838916715778,0.013280858719449999,3.418078256755588e-05
MA,2019,-0.5902413516905223,-0.005340056027785369,8.86364137144398e-05
MA,2020,-0.2565092145778505,-0.01141918800052557,8.326670584881558e-05
MA,2021,-0.008216015628637496,0.002638036550642739,0.00018430842199191306
MA,2022,0.005193580046893409,0.005605634938432329,0.00018759986856781277
MD,1994,,,
MD,1995,,,
MD,1996,0.03190807304540755,-5.161298414639843e-07,1.2350360798637452e-05
MD,1997,-7.936773107530826e-05,-9.910270361804486e-06,2.6178869679525138e-06
MD,1998,0.07046164127739996,-8.718267686267997e-05,2.477356420395867e-06
MD,1999,0.0893914098229267,3.353280260997482e-05,2.331667454090195e-06
MD,2000,0.016498719901500536,0.0002000529551399773,2.2068194195805615e-06
MD,2001,-0.007463954917287907,0.00024629128919557676,2.0765905249275634e-06
MD,2002,0.03544462526010328,0.0007338222168684916,1.95103830356439e-06
MD,2003,0.08300671942056415,0.0006260209251047747,1.8900145710673346e-06
MD,2004,0.03380658410582438,9.043982552388514e-05,1.829975469407581e-06
MD,2005,0.03875932470347543,0.0002942403546846222,1.7457415580629926e-06
MD,2006,0.008874973125608143,0.0007157329232690459,2.4555553184125742e-06
MD,2007,-0.020385061747480115,0.0009358588617842281,1.8406041414973637e-05
MD,2008,-0.05102673198692376,0.002132076335373861,5.139124422038505e-05
MD,2009,-0.17319655188858096,0.0036362418302731425,0.00024099446450577295
MD,2010,-0.07762342688022095,0.004446692314696002,0.0004068367132143269
MD,2011,-0.07272885753790437,0.007866716999421429,0.00031470024281037907
MD,2012,-0.2859526903234002,0.009339907395338727,0.00026956503923092156
MD,2013,-0.19779107441586863,0.008510082416706796,4.715672413977106e-05
MD,2014,0.08116701977869134,0.0055065474566802245,-0.00016116398061519785
MD,2015,-0.03914605258619819,0.005262507558779319,-0.00018808109191907233
MD,2016,-0.07474765942857697,0.010184354617284062,-0.00013396138640608415
MD,2017,-0.3647449635368303,0.012267974071350185,-7.843730143160751e-06
MD,2018,-0.17135767550593783,0.0026534520908238265,3.418078256755588e-05
MD,2019,-0.14449214038201408,-0.008539386307473201,8.86364137144398e-05
MD,2020,-0.6672257464065239,-0.008127585773190532,8.326670584881558e-05
MD,2021,-0.02408657584559437,0.005726553571139496,0.00018430842199191306
MD,2022,0.2552272874276258,0.017321519154824654,0.00018759986856781277
ME,1994,,,
ME,1995,,,
ME,1996,-0.2462371369963775,0.0,1.2350360798637452e-05
ME,1997,0.23026252664873548,0.0,2.6178869679525138e-06
ME,1998,0.3601120183520473,0.0,2.477356420395867e-06
ME,1999,0.46745128887405896,0.0,2.331667454090195e-06
ME,2000,0.5496050473221252,0.0,2.2068194195805615e-06
ME,2001,0.6723196645368654,0.0,2.0765905249275634e-06
ME,2002,0.7271506620114239,0.0,1.95103830356439e-06
ME,2003,-0.022926437799343446,0.0,1.8900145710673346e-06
ME,2004,-0.1703686758331986,0.0,1.829975469407581e-06
ME,2005,-0.12439345352304354,0.0,1.7457415580629926e-06
ME,2006,-0.3672384393128807,0.0,2.4555553184125742e-06
ME,2007,-0.27538179209343316,0.004426886835149155,1.8406041414973637e-05
ME,2008,-0.054075959258550466,0.006300240739230344,5.139124422038505e-05
ME,2009,-0.12212285892413743,0.0089367428142567,0.00024099446450577295
ME,2010,-0.02066837502017793,0.016533695345829182,0.0004068367132143269
ME,2011,-0.08903555117449091,0.020066671676725715,0.00031470024281037907
ME,2012,-0.35026528350810415,0.02432954748730838,0.00026956503923092156
ME,2013,-0.358150167636478,0.017154569709338895,4.715672413977106e-05
ME,2014,-0.016747320894093365,0.008934967044537584,-0.00016116398061519785
ME,2015,0.1293170121895577,0.018169416842881845,-0.00018808109191907233
ME,2016,-0.018214014990724836,0.026019707604170363,-0.00013396138640608415
ME,2017,-0.25233871709540967,0.0506795555745002,-7.843730143160751e-06
ME,2018,-0.2851636486559215,0.05462928765111523,3.418078256755588e-05
ME,2019,-0.25042390272327153,-0.09625472761898227,8.86364137144398e-05
ME,2020,-0.2941330894493245,-0.10121456249710362,8.326670584881558e-05
ME,2021,0.4504361074273582,0.0023419158890299564,0.00018430842199191306
ME,2022,0.5864849954391685,0.005012149075615,0.00018759986856781277
MI,1994,,,
MI,1995,,,
MI,1996,-0.019550529732247135,0.0,1.2350360798637452e-05
MI,1997,-0.0019200990611389912,1.5206309673215568e-05,2.6178869679525138e-06
MI,1998,0.06769920430456366,0.00022086375314560403,2.477356420395867e-06
MI,1999,0.05385660060447339,0.00030232160272268587,2.331667454090195e-06
MI,2000,-0.04029341026809785,0.00014357884515622793,2.2068194195805615e-06
MI,2001,-0.01392665213501143,-0.00018743696614501436,2.0765905249275634e-06
MI,2002,0.0021896028224972497,-0.00022332085021363015,1.95103830356439e-06
MI,2003,0.012208777797464876,0.0005828139213307143,1.8900145710673346e-06
MI,2004,0.08070368476417666,0.0001684524466032095,1.829975469407581e-06
MI,2005,0.11111412117668529,-0.00033930653150519624,1.7457415580629926e-06
MI,2006,0.006020458606811552,0.000744556155255782,2.4555553184125742e-06
MI,2007,-0.005891796840272079,-3.743251039341571e-05,1.8406041414973637e-05
MI,2008,0.017430077111967535,0.0008941719939172503,5.139124422038505e-05
MI,2009,-0.04142622394127127,0.0038384193944276017,0.00024099446450577295
MI,2010,0.0068518567858602,0.0029749409552082824,0.0004068367132143269
MI,2011,-0.04771075587860629,0.0027256210284356238,0.00031470024281037907
MI,2012,-0.12890412466310508,0.01236004938490954,0.00026956503923092156
MI,2013,0.003080319503777851,0.033389704197054976,4.715672413977106e-05
MI,2014,0.011114461261172437,0.0371782188942575,-0.00016116398061519785
MI,2015,0.005457087511926417,0.02167304873887632,-0.00018808109191907233
MI,2016,-0.08198626824103172,0.008302903950497476,-0.00013396138640608415
MI,2017,-0.13838386859290797,0.00756330863126393,-7.843730143160751e-06
MI,2018,0.035905342948654884,0.009919517968167082,3.418078256755588e-05
MI,2019,-0.07021225377415607,0.032424096855760635,8.86364137144398e-05
MI,2020,-0.23466207137855744,0.04329289699688506,8.326670584881558e-05
MI,2021,0.02882218985519902,0.03522255296481154,0.00018430842199191306
MI,2022,0.3163492121520335,0.056502477987535146,0.00018759986856781277
MN,1994,,,
MN,1995,,,
MN,1996,0.011959764474271495,0.00016684359533424706,1.2350360798637452e-05
MN,1997,-0.0017536462347447213,-5.770941409251872e-06,2.6178869679525138e-06
MN,1998,0.030844674754892942,0.0011608351110950798,2.477356420395867e-06
MN,1999,-0.014105481164620848,0.005274254511493135,2.331667454090195e-06
MN,2000,0.04236088918336289,0.0069295609942560165,2.2068194195805615e-06
MN,2001,0.08551340452960243,0.004907874147641681,2.0765905249275634e-06
MN,2002,0.038835153661402444,0.0023455439954052516,1.95103830356439e-06
MN,2003,0.15325916053276245,0.0013116094361023246,1.8900145710673346e-06
MN,2004,0.09437350933489519,-0.0007358977016488386,1.829975469407581e-06
MN,2005,0.0048729886846032855,0.006498315566771879,1.7457415580629926e-06
MN,2006,-0.0023562161450616514,0.013539261825079944,2.4555553184125742e-06
MN,2007,-0.04062547496858837,0.011400475224183589,1.8406041414973637e-05
MN,2008,-0.0413936112308777,0.024136828484212457,5.139124422038505e-05
MN,2009,-0.08613229598813721,0.02454924267674315,0.00024099446450577295
MN,2010,-0.07629514457858022,0.00552763514760908,0.0004068367132143269
MN,2011,-0.014900386016767797,0.019909173450521712,0.00031470024281037907
MN,2012,-0.1523446650256668,0.035884119877014356,0.00026956503923092156
MN,2013,-0.08923675546408916,0.01785548324806473,4.715672413977106e-05
MN,2014,0.21679281453157095,0.014878272669279944,-0.00016116398061519785
MN,2015,0.0757378778520641,0.01183897877611906,-0.00018808109191907233
MN,2016,-0.061736759127974494,-0.00018514004420599556,-0.00013396138640608415
MN,2017,-0.04614897175671917,0.02124899361524363,-7.843730143160751e-06
MN,2018,-0.015409767093604643,0.023205601613911504,3.418078256755588e-05
MN,2019,-0.17300946911370563,-0.021805902843025114,8.86364137144398e-05
MN,2020,-0.3317142847086405,-0.009598193301758092,8.326670584881558e-05
MN,2021,-0.0378922506531536,0.0323526810159905,0.00018430842199191306
MN,2022,0.2275345193958298,0.05166571314766056,0.00018759986856781277
MO,1994,,,
MO,1995,,,
MO,1996,0.1355128273363606,-3.71303938520141e-05,1.2350360798637452e-05
MO,1997,0.0866868162557175,-8.351341448380493e-05,2.6178869679525138e-06
MO,1998,0.10871097636004912,-0.00011521677593250075,2.477356420395867e-06
MO,1999,0.042682792829481286,9.274574316992337e-05,2.331667454090195e-06
MO,2000,0.0030479882217289145,0.0001943118257741206,2.2068194195805615e-06
MO,2001,0.07058256614231961,-7.558414485574486e-05,2.0765905249275634e-06
MO,2002,0.08637821634774312,-3.5064556002609095e-05,1.95103830356439e-06
MO,2003,0.14136638786530575,-8.842524328949624e-05,1.8900145710673346e-06
MO,2004,0.14314632080406486,-0.00020045882036401306,1.829975469407581e-06
MO,2005,0.08752757327057914,0.0,1.7457415580629926e-06
MO,2006,0.04275885300820281,0.0,2.4555553184125742e-06
MO,2007,-0.045075238483823554,0.00030389493428535007,1.8406041414973637e-05
MO,2008,-0.040553682134306435,0.005044431338658505,5.139124422038505e-05
MO,2009,-0.012926447413716957,0.01117047422150371,0.00024099446450577295
MO,2010,0.06421943868046931,0.017514343620899986,0.0004068367132143269
MO,2011,0.11709109410161478,0.01622534103202605,0.00031470024281037907
MO,2012,-0.029652848589252656,0.0063922681276073505,0.00026956503923092156
MO,2013,0.015846801265227306,0.0005021832426890107,4.715672413977106e-05
MO,2014,0.06317222033986436,0.0008958313389861712,-0.00016116398061519785
MO,2015,-0.11240462035189669,0.0026980106406021007,-0.00018808109191907233
MO,2016,-0.10610280807783212,0.007190541436731672,-0.00013396138640608415
MO,2017,0.055791450164961454,0.018933025891448768,-7.843730143160751e-06
MO,2018,0.02866651101588147,0.04067539524407387,3.418078256755588e-05
MO,2019,-0.1979141075896509,0.14105254181431454,8.86364137144398e-05
MO,2020,-0.11565105392256214,0.12296729297618658,8.326670584881558e-05
MO,2021,0.1099104082277984,0.05684249182680508,0.00018430842199191306
MO,2022,0.2030772312756497,0.08552672615175645,0.00018759986856781277
MS,1994,,,
MS,1995,,,
MS,1996,0.24216519012622584,-2.5153140439226927e-05,1.2350360798637452e-05
MS,1997,0.2007404672773414,-0.00011974137194004128,2.6178869679525138e-06
MS,1998,0.06074885522350071,-7.250089265449508e-05,2.477356420395867e-06
MS,1999,0.10616147548037258,0.0003172403236105178,2.331667454090195e-06
MS,2000,0.1453675533643306,0.00033466129881852894,2.2068194195805615e-06
MS,2001,0.41248521143220973,-0.0007580215188995261,2.0765905249275634e-06
MS,2002,0.15224530950214454,2.4957137819908702e-05,1.95103830356439e-06
MS,2003,-0.1229772133204472,0.0012140192041511634,1.8900145710673346e-06
MS,2004,0.15844885881424275,0.00030098000109207094,1.829975469407581e-06
MS,2005,0.09146059180738764,-0.00016280885046345502,1.7457415580629926e-06
MS,2006,0.06495748763423048,0.0003628163670703372,2.4555553184125742e-06
MS,2007,0.09191019980621107,0.0001892581931702038,1.8406041414973637e-05
MS,2008,-0.016755587530360216,0.0010290315949122366,5.139124422038505e-05
MS,2009,-0.16957127790845483,0.0005436924284024222,0.00024099446450577295
MS,2010,0.009219752830290417,-0.0020116734895352876,0.0004068367132143269
MS,2011,-0.05831067464199613,0.0013226234066690823,0.00031470024281037907
MS,2012,-0.22268234918739171,-0.0003920176093118031,0.00026956503923092156
MS,2013,-0.02923816700316273,-0.0012810865550687996,4.715672413977106e-05
MS,2014,0.13409939512143687,0.0,-0.00016116398061519785
MS,2015,0.0515560840567062,-0.0016177504169165363,-0.00018808109191907233
MS,2016,-0.037822882551595605,0.0,-0.00013396138640608415
MS,2017,-0.06185152087175183,0.0023325336365863417,-7.843730143160751e-06
MS,2018,-0.010858825752460888,0.008653168057787947,3.418078256755588e-05
MS,2019,0.01399934025429328,0.05599824390430187,8.86364137144398e-05
MS,2020,0.02298429522488199,0.05756395330035368,8.326670584881558e-05
MS,2021,0.08443817444893842,0.02350954788552225,0.00018430842199191306
MS,2022,0.05510992476382448,0.03926247835931723,0.00018759986856781277
MT,1994,,,
MT,1995,,,
MT,1996,-0.3001982052215837,0.0,1.2350360798637452e-05
MT,1997,-0.051708315873401745,0.0,2.6178869679525138e-06
MT,1998,0.29637432156120447,0.0,2.477356420395867e-06
MT,1999,0.14663021996672843,0.0,2.331667454090195e-06
MT,2000,-0.05006852405178108,0.0,2.2068194195805615e-06
MT,2001,0.0016995380997695264,0.0,2.0765905249275634e-06
MT,2002,-0.023223045497618777,0.0,1.95103830356439e-06
MT,2003,0.06637765043768784,0.0,1.8900145710673346e-06
MT,2004,0.18861758459953482,0.0,1.829975469407581e-06
MT,2005,0.07487983379626773,0.0,1.7457415580629926e-06
MT,2006,0.003648217085812533,0.022556768620658113,2.4555553184125742e-06
MT,2007,0.019637008626832042,0.026671989046730574,1.8406041414973637e-05
MT,2008,0.05243303033765212,0.009051294435962804,5.139124422038505e-05
MT,2009,-0.12447218521326153,0.015545813403641848,0.00024099446450577295
MT,2010,0.04897906200496305,0.010603187200406145,0.0004068367132143269
MT,2011,-0.006194000785203713,0.012308364811024661,0.00031470024281037907
MT,2012,-0.24803114951448801,0.019172427929332762,0.00026956503923092156
MT,2013,0.04149577435202989,0.030726165208889565,4.715672413977106e-05
MT,2014,0.15774588812875745,0.03037794250253199,-0.00016116398061519785
MT,2015,0.09926441437776301,0.005343363154178311,-0.00018808109191907233
MT,2016,-0.0035490628078100883,0.012481411389960556,-0.00013396138640608415
MT,2017,-0.10670975081187173,0.015411348487268122,-7.843730143160751e-06
MT,2018,-0.07890186655953446,0.008272694673920914,3.418078256755588e-05
MT,2019,0.009532278306464192,0.16028710793098758,8.86364137144398e-05
MT,2020,-0.3602258432968406,0.20709135697633224,8.326670584881558e-05
MT,2021,-0.19699195522492463,0.06521721986463702,0.00018430842199191306
MT,2022,0.4643790958464522,0.03898755340203006,0.00018759986856781277
NC,1994,,,
NC,1995,,,
NC,1996,0.1619758564363245,-2.241489000534519e-05,1.2350360798637452e-05
NC,1997,0.14814845718605607,-3.673692978006752e-05,2.6178869679525138e-06
NC,1998,0.03822233916725004,-3.3186363067179474e-05,2.477356420395867e-06
NC,1999,-0.011760179050478214,5.9180148801970365e-05,2.331667454090195e-06
NC,2000,0.0481083513119005,8.965807630585377e-05,2.2068194195805615e-06
NC,2001,0.033202646154350646,7.127017703657981e-05,2.0765905249275634e-06
NC,2002,0.024401631562377624,0.00010807261705616503,1.95103830356439e-06
NC,2003,0.06504780655950526,-2.9216700530564397e-05,1.8900145710673346e-06
NC,2004,0.04888995874896018,0.0001057458364924882,1.829975469407581e-06
NC,2005,0.09848529424813712,0.00022327998765864817,1.7457415580629926e-06
NC,2006,0.025405812349404755,0.0002872687127797674,2.4555553184125742e-06
NC,2007,0.02974355013204022,0.00035473328825093753,1.8406041414973637e-05
NC,2008,0.023640095878722178,0.000784787336120926,5.139124422038505e-05
NC,2009,-0.16923261608678875,0.001487254172867437,0.00024099446450577295
NC,2010,0.010896715389829836,0.001237642705104091,0.0004068367132143269
NC,2011,-0.0223789281183997,0.001827264694973901,0.00031470024281037907
NC,2012,-0.26497875915648805,0.0024612636746022118,0.00026956503923092156
NC,2013,-0.10852116236654741,0.0010901965749401615,4.715672413977106e-05
NC,2014,0.027221689687819683,0.00237938989478027,-0.00016116398061519785
NC,2015,-0.09398363833067869,0.006194354258684669,-0.00018808109191907233
NC,2016,-0.11680453206065344,0.013835013215980407,-0.00013396138640608415
NC,2017,-0.08552964620642811,0.021081408023896787,-7.843730143160751e-06
NC,2018,-0.10755581770097145,0.016841499889209466,3.418078256755588e-05
NC,2019,-0.0641253568770308,0.0054354796139557595,8.86364137144398e-05
NC,2020,-0.24770684840409807,0.0022258273674154003,8.326670584881558e-05
NC,2021,-0.16896041166498232,0.0075244973674301885,0.00018430842199191306
NC,2022,-0.004094547868673359,0.01086804059384463,0.00018759986856781277
ND,1994,,,
ND,1995,,,
ND,1996,-0.005515736876585464,0.0,1.2350360798637452e-05
ND,1997,-0.024658013774324417,0.0,2.6178869679525138e-06
ND,1998,0.025341933234749092,0.0,2.477356420395867e-06
ND,1999,0.07871416991856695,0.0,2.331667454090195e-06
ND,2000,0.025483930589481396,0.0,2.2068194195805615e-06
ND,2001,0.021615840800337516,0.0,2.0765905249275634e-06
ND,2002,0.03565580259449419,0.0,1.95103830356439e-06
ND,2003,0.03503833591881733,0.0015352100910946773,1.8900145710673346e-06
ND,2004,-0.021300521955136986,0.0055812622450630706,1.829975469407581e-06
ND,2005,0.06731545415837648,0.00366440493386015,1.7457415580629926e-06
ND,2006,0.03958177417892017,0.003999170219370065,2.4555553184125742e-06
ND,2007,-0.03716327431183686,0.010829786265428609,1.8406041414973637e-05
ND,2008,0.03884006737043233,0.03305571649036053,5.139124422038505e-05
ND,2009,0.039825067039730655,0.05398018632744138,0.00024099446450577295
ND,2010,-0.011433618980186466,0.051277281617052875,0.0004068367132143269
ND,2011,-0.05605054060843084,0.05266979270787201,0.00031470024281037907
ND,2012,0.009360467834565789,0.03439969120466781,0.00026956503923092156
ND,2013,0.06436155657466003,0.023617740166085026,4.715672413977106e-05
ND,2014,0.03732104113203949,0.0458803206518542,-0.00016116398061519785
ND,2015,0.062183214334615045,0.02874008483611551,-0.00018808109191907233
ND,2016,0.06793035551763271,0.03399822924271735,-0.00013396138640608415
ND,2017,0.002428409475392357,0.09178904678667235,-7.843730143160751e-06
ND,2018,0.01930280809146545,0.05175518651638923,3.418078256755588e-05
ND,2019,-0.060255035511566746,-0.03145367327687975,8.86364137144398e-05
ND,2020,-0.035016023565510146,-0.012980505247455042,8.326670584881558e-05
ND,2021,0.03282168151127962,0.035502008844423824,0.00018430842199191306
ND,2022,0.20069510253133238,0.05641256668684038,0.00018759986856781277
NE,1994,,,
NE,1995,,,
NE,1996,0.10543064049833362,-2.0461110567931648e-05,1.2350360798637452e-05
NE,1997,0.04863507862183525,0.0,2.6178869679525138e-06
NE,1998,0.13639994065336225,0.0,2.477356420395867e-06
NE,1999,0.033226207163475685,0.0,2.331667454090195e-06
NE,2000,0.0061836773777423915,0.0,2.2068194195805615e-06
NE,2001,0.1382665645210217,0.00011576945142684165,2.0765905249275634e-06
NE,2002,0.0865630759480398,0.00029109464296944157,1.95103830356439e-06
NE,2003,0.05341244029892778,0.0013246923549690643,1.8900145710673346e-06
NE,2004,0.06607666503542386,0.0010415088059465437,1.829975469407581e-06
NE,2005,0.04566500521296124,0.0021678885177290786,1.7457415580629926e-06
NE,2006,0.03367047336283324,0.008232710443794379,2.4555553184125742e-06
NE,2007,-0.058669326046611125,0.004078262107883054,1.8406041414973637e-05
NE,2008,0.030938840805741386,-0.0016120128483307833,5.139124422038505e-05
NE,2009,0.16664021357433167,0.0048684103348107756,0.00024099446450577295
NE,2010,0.10565188648260282,0.005595670029254055,0.0004068367132143269
NE,2011,0.12584587786325674,0.02033771917557341,0.00031470024281037907
NE,2012,0.06616835934189336,0.029436745252736773,0.00026956503923092156
NE,2013,0.07773230803341846,0.022560137448718494,4.715672413977106e-05
NE,2014,0.05531301649103426,0.031547197315234955,-0.00016116398061519785
NE,2015,-0.07494849103696133,0.029142274015222732,-0.00018808109191907233
NE,2016,-0.06535259009839134,0.03708654330829298,-0.00013396138640608415
NE,2017,-0.10734912623371429,0.07306853786025579,-7.843730143160751e-06
NE,2018,0.08660255906670056,0.0529965564140525,3.418078256755588e-05
NE,2019,0.03722396490109681,0.09609565284566812,8.86364137144398e-05
NE,2020,-0.12554412212793586,0.09691737952735517,8.326670584881558e-05
NE,2021,-0.04254527963293153,0.05080935008686179,0.00018430842199191306
NE,2022,0.21881631104941413,0.08235155567792005,0.00018759986856781277
NH,1994,,,
NH,1995,,,
NH,1996,0.005943478721819773,0.0,1.2350360798637452e-05
NH,1997,0.1822804159783904,0.0,2.6178869679525138e-06
NH,1998,0.10256478096949628,0.0,2.477356420395867e-06
NH,1999,-0.1711479554738009,0.0,2.331667454090195e-06
NH,2000,0.06824247227592162,0.0,2.2068194195805615e-06
NH,2001,0.05076111568093156,0.0,2.0765905249275634e-06
NH,2002,-0.04965425046904537,0.0,1.95103830356439e-06
NH,2003,0.3295420954126991,0.0,1.8900145710673346e-06
NH,2004,0.39907447046391287,0.0,1.829975469407581e-06
NH,2005,0.14670089748830373,0.0,1.7457415580629926e-06
NH,2006,0.00121639413936947,0.0,2.4555553184125742e-06
NH,2007,-0.05543217847210924,0.0,1.8406041414973637e-05
NH,2008,-0.03461352204126511,0.0004142563173916866,5.139124422038505e-05
NH,2009,-0.21643607273313847,0.0027769147828423254,0.00024099446450577295
NH,2010,-0.1523070293434423,0.0028596961586627788,0.0004068367132143269
NH,2011,-0.1078580119070387,0.0002692843047938738,0.00031470024281037907
NH,2012,-0.3922739366228596,0.007568891474743715,0.00026956503923092156
NH,2013,-0.35813473483582525,0.016644034086953016,4.715672413977106e-05
NH,2014,-0.13124489771593995,0.010034708384081752,-0.00016116398061519785
NH,2015,-0.022195144140559897,0.001296737658615296,-0.00018808109191907233
NH,2016,-0.40943562300130454,0.0012628475768236061,-0.00013396138640608415
NH,2017,-0.6785766929319152,0.0021333202015123842,-7.843730143160751e-06
NH,2018,-0.06079315598674295,0.0017178786764313542,3.418078256755588e-05
NH,2019,0.017079051399934375,0.006098056068390935,8.86364137144398e-05
NH,2020,-0.4287349167247618,0.007100951876463003,8.326670584881558e-05
NH,2021,0.08730388397478883,0.0025419536873779666,0.00018430842199191306
NH,2022,0.378127931904644,0.00527059572071816,0.00018759986856781277
NJ,1994,,,
NJ,1995,,,
NJ,1996,0.1519851118366704,0.00017919603142232328,1.2350360798637452e-05
NJ,1997,0.10568623313491177,3.8380286106411764e-05,2.6178869679525138e-06
NJ,1998,0.01565599114340932,-0.0003544422949039803,2.477356420395867e-06
NJ,1999,-0.052568786849076954,-7.876766040714229e-05,2.331667454090195e-06
NJ,2000,0.24233727605332644,0.0001991026496243498,2.2068194195805615e-06
NJ,2001,0.2080347978067696,0.00019122543614958279,2.0765905249275634e-06
NJ,2002,0.05433535789038846,0.0005447386979117706,1.95103830356439e-06
NJ,2003,0.0507909767049739,0.0007092367456958628,1.8900145710673346e-06
NJ,2004,0.08978435920973205,0.0008853171081352206,1.829975469407581e-06
NJ,2005,0.15072521429397678,0.000896276757180181,1.7457415580629926e-06
NJ,2006,0.014808206141267988,0.0013356592993997007,2.4555553184125742e-06
NJ,2007,-0.020762516368113104,0.0015606498472595005,1.8406041414973637e-05
NJ,2008,-0.029417426950105074,0.0023529871315630772,5.139124422038505e-05
NJ,2009,-0.3350969058654143,0.002649970566561252,0.00024099446450577295
NJ,2010,-0.07454437709239947,0.0021037306220458617,0.0004068367132143269
NJ,2011,0.030071005864526157,0.002978669523627473,0.00031470024281037907
NJ,2012,-0.29320328944446805,0.0052975218914525935,0.00026956503923092156
NJ,2013,-0.13293992338016913,0.00666417717187377,4.715672413977106e-05
NJ,2014,0.14790186391251314,0.0016186411632439681,-0.00016116398061519785
NJ,2015,0.19104688324448071,-0.0030145211733332198,-0.00018808109191907233
NJ,2016,0.10100547567159923,-0.0006397134068133532,-0.00013396138640608415
NJ,2017,-0.07960983188254378,0.002881141022633558,-7.843730143160751e-06
NJ,2018,-0.11730338243636407,0.007361141920104106,3.418078256755588e-05
NJ,2019,0.025043162084147585,0.03601979250542998,8.86364137144398e-05
NJ,2020,-0.23168337184081356,0.023985440342092518,8.326670584881558e-05
NJ,2021,-0.2387965201992608,0.008280013773375079,0.00018430842199191306
NJ,2022,-0.08239402002516094,0.0255058667145114,0.00018759986856781277
NM,1994,,,
NM,1995,,,
NM,1996,-0.017952474316191847,0.0,1.2350360798637452e-05
NM,1997,0.02980004061977226,0.0,2.6178869679525138e-06
NM,1998,0.05018112887521564,0.0,2.477356420395867e-06
NM,1999,0.03934287192625341,0.0,2.331667454090195e-06
NM,2000,0.051611317050140215,0.0,2.2068194195805615e-06
NM,2001,0.01748123868167184,0.0,2.0765905249275634e-06
NM,2002,-0.03842519501286823,0.0,1.95103830356439e-06
NM,2003,0.06378632814757434,0.004993255732464208,1.8900145710673346e-06
NM,2004,0.11885560626330172,0.014013826267223918,1.829975469407581e-06
NM,2005,0.07837610557630192,0.01610077674590463,1.7457415580629926e-06
NM,2006,0.059392192423437074,0.017894805276921933,2.4555553184125742e-06
NM,2007,-0.053400842646338376,0.01598659380024233,1.8406041414973637e-05
NM,2008,-0.08556574432265052,0.009907883800160167,5.139124422038505e-05
NM,2009,0.07310251766389708,-0.0009226800972498743,0.00024099446450577295
NM,2010,-0.0072499228894855605,0.005867094672677793,0.0004068367132143269
NM,2011,-0.03301733564746545,0.0195570174513525,0.00031470024281037907
NM,2012,0.00553755677814749,0.018129040358089092,0.00026956503923092156
NM,2013,-0.04530077193832582,0.011678248850776759,4.715672413977106e-05
NM,2014,-0.1292466830005603,0.014080153479439193,-0.00016116398061519785
NM,2015,-0.12486133366227659,0.009480973116319886,-0.00018808109191907233
NM,2016,-0.006788452931361988,0.03871555239098515,-0.00013396138640608415
NM,2017,-0.04813368289827036,0.07506294043522821,-7.843730143160751e-06
NM,2018,-0.3044911978417897,0.08911883161335368,3.418078256755588e-05
NM,2019,-0.20648376802320367,0.05224960541282436,8.86364137144398e-05
NM,2020,0.07766325805020902,0.015273089830216913,8.326670584881558e-05
NM,2021,-0.09054943814512484,0.06783446345735096,0.00018430842199191306
NM,2022,0.11885056430636354,0.12257752694648574,0.00018759986856781277
NV,1994,,,
NV,1995,,,
NV,1996,-0.05904247520258554,0.0,1.2350360798637452e-05
NV,1997,0.0296452252314241,5.470368026281257e-06,2.6178869679525138e-06
NV,1998,0.08854360758439128,0.0,2.477356420395867e-06
NV,1999,0.09198496387471877,-4.666267519507185e-06,2.331667454090195e-06
NV,2000,0.12061124722632144,0.0,2.2068194195805615e-06
NV,2001,0.10882574752597751,0.0,2.0765905249275634e-06
NV,2002,-0.11650495662745719,3.123421439291189e-05,1.95103830356439e-06
NV,2003,0.030674937474994834,1.3119993908399252e-05,1.8900145710673346e-06
NV,2004,0.23309918874976354,-2.9724054458560723e-05,1.829975469407581e-06
NV,2005,0.1623367118507062,-1.2264398925324628e-05,1.7457415580629926e-06
NV,2006,-0.5339084144622861,0.001275750733030557,2.4555553184125742e-06
NV,2007,-0.58285118081767,0.002429390953488468,1.8406041414973637e-05
NV,2008,0.07855048900542361,0.0035954117399494443,5.139124422038505e-05
NV,2009,0.09622593608049357,0.0017258345487342855,0.00024099446450577295
NV,2010,-0.0367667448854343,0.001047036655571375,0.0004068367132143269
NV,2011,-0.21789102074903877,0.005426993299190538,0.00031470024281037907
NV,2012,-0.19458461819524864,0.01030597573825655,0.00026956503923092156
NV,2013,0.0697813341875686,0.01548944505081784,4.715672413977106e-05
NV,2014,0.19689189357485493,0.01628356839508734,-0.00016116398061519785
NV,2015,-0.15303577834751936,0.020261910125503175,-0.00018808109191907233
NV,2016,-0.29539054342131665,0.04581726394351766,-0.00013396138640608415
NV,2017,-0.1317784078208355,0.06010543690472644,-7.843730143160751e-06
NV,2018,0.007440438130238647,0.03913975565468884,3.418078256755588e-05
NV,2019,0.09330370038564251,-0.005529319584621788,8.86364137144398e-05
NV,2020,-0.036524992737389184,0.00013684890303951652,8.326670584881558e-05
NV,2021,0.03145459015929708,0.04527674147134149,0.00018430842199191306
NV,2022,0.058599924461193886,0.057496301773199046,0.00018759986856781277
NY,1994,,,
NY,1995,,,
NY,1996,-0.022071836064791128,-3.208689984875457e-05,1.2350360798637452e-05
NY,1997,0.03928835872689529,7.01698485529116e-06,2.6178869679525138e-06
NY,1998,0.15731049288741783,-9.15529825790931e-06,2.477356420395867e-06
NY,1999,0.05623867017207651,4.714562519942135e-05,2.331667454090195e-06
NY,2000,0.007637730325613212,0.00016923148926233452,2.2068194195805615e-06
NY,2001,0.014852941472211612,0.00013956191126769337,2.0765905249275634e-06
NY,2002,-0.004815731078703145,0.0005390752792591719,1.95103830356439e-06
NY,2003,0.02417837191078398,0.0003469246207282008,1.8900145710673346e-06
NY,2004,0.03181995472955812,0.0004025295267766324,1.829975469407581e-06
NY,2005,0.028029583855974316,0.0004000738947691377,1.7457415580629926e-06
NY,2006,-0.00470509484730286,0.0028371089751035015,2.4555553184125742e-06
NY,2007,0.019788650384363393,0.003849815496256805,1.8406041414973637e-05
NY,2008,-0.06157399811436726,0.0034655613602959734,5.139124422038505e-05
NY,2009,-0.33772400272407577,0.008729045322012827,0.00024099446450577295
NY,2010,-0.12222603145654087,0.009198860207756473,0.0004068367132143269
NY,2011,-0.040630248714052186,0.0036960312916094772,0.00031470024281037907
NY,2012,-0.26359967843967347,0.0013310158553694555,0.00026956503923092156
NY,2013,-0.17315039378091868,0.004614774433945056,4.715672413977106e-05
NY,2014,-0.05337221133899561,0.006865253904349784,-0.00016116398061519785
NY,2015,-0.08921465748518109,0.002420996936469342,-0.00018808109191907233
NY,2016,-0.14707820225455492,0.001193781197080685,-0.00013396138640608415
NY,2017,-0.2950289242951776,0.005021686521041439,-7.843730143160751e-06
NY,2018,-0.16033888710183497,0.004445638628419044,3.418078256755588e-05
NY,2019,-0.02862057819453856,0.0028452720228989317,8.86364137144398e-05
NY,2020,-0.031299136946520534,0.0014419692910505025,8.326670584881558e-05
NY,2021,0.13324888142294355,-8.711351804797211e-08,0.00018430842199191306
NY,2022,-0.0041631059367990275,0.0068659802793028845,0.00018759986856781277
OH,1994,,,
OH,1995,,,
OH,1996,0.05049720035191552,-8.269177352424106e-05,1.2350360798637452e-05
OH,1997,0.017984774394760095,-3.0540501663997326e-05,2.6178869679525138e-06
OH,1998,0.013419367798229942,-4.291048319958537e-05,2.477356420395867e-06
OH,1999,-0.004185920292981038,0.0001191536100094698,2.331667454090195e-06
OH,2000,0.009194003194311406,0.0001707203448239001,2.2068194195805615e-06
OH,2001,0.010098537639612104,5.053120210905676e-06,2.0765905249275634e-06
OH,2002,0.026750292850270974,5.7729625765468315e-05,1.95103830356439e-06
OH,2003,0.11829108783898512,6.647146903070885e-05,1.8900145710673346e-06
OH,2004,0.029809940678352298,0.00015856711461876148,1.829975469407581e-06
OH,2005,0.06030053804370894,0.00026477824873596614,1.7457415580629926e-06
OH,2006,0.05137380044662443,0.00010810196433876279,2.4555553184125742e-06
OH,2007,-0.02298275201220079,0.0004381407935874605,1.8406041414973637e-05
OH,2008,-0.013597555920703108,0.001052490975973178,5.139124422038505e-05
OH,2009,-0.11062883957779945,0.0014232889990512627,0.00024099446450577295
OH,2010,-0.015279758766310714,0.0016088725328134734,0.0004068367132143269
OH,2011,-0.011899113746929757,0.004475713063190776,0.00031470024281037907
OH,2012,-0.2711487706436593,0.0100752496053155,0.00026956503923092156
OH,2013,-0.05550884285108726,0.006221894864388895,4.715672413977106e-05
OH,2014,0.09178041885760724,0.0012576039795622513,-0.00016116398061519785
OH,2015,-0.20508113017697127,0.005912829677666282,-0.00018808109191907233
OH,2016,-0.15014966494083826,0.00893179199909931,-0.00013396138640608415
OH,2017,-0.015906734486001994,0.0072404010572761695,-7.843730143160751e-06
OH,2018,-0.11444498010197446,0.003993093985319626,3.418078256755588e-05
OH,2019,-0.2667139984939242,0.00449171675244102,8.86364137144398e-05
OH,2020,-0.1330474638466299,-0.000620278612789697,8.326670584881558e-05
OH,2021,0.05399264338730436,0.005436111684389339,0.00018430842199191306
OH,2022,0.1397415395652004,0.016252073291513885,0.00018759986856781277
OK,1994,,,
OK,1995,,,
OK,1996,0.07903626864198632,0.0,1.2350360798637452e-05
OK,1997,0.05953548674747111,0.0,2.6178869679525138e-06
OK,1998,0.01797979780471426,0.0,2.477356420395867e-06
OK,1999,-0.042142491807125815,0.0,2.331667454090195e-06
OK,2000,0.037383639015730274,0.0,2.2068194195805615e-06
OK,2001,0.07232404306594908,0.0,2.0765905249275634e-06
OK,2002,0.08963931870275754,0.0,1.95103830356439e-06
OK,2003,0.1190659113101411,0.0007497506659798772,1.8900145710673346e-06
OK,2004,0.012124290086756417,0.008129855402624765,1.829975469407581e-06
OK,2005,0.08100685057625245,0.010119385221092769,1.7457415580629926e-06
OK,2006,0.10563619938539048,0.013606701167594474,2.4555553184125742e-06
OK,2007,-0.02147785056189022,0.011085424934087245,1.8406041414973637e-05
OK,2008,0.02215515373389021,0.00573047335159085,5.139124422038505e-05
OK,2009,0.03652044469735216,0.007824376221525469,0.00024099446450577295
OK,2010,-0.04930595055437692,0.01874807418244807,0.0004068367132143269
OK,2011,0.022298519235511627,0.03741625477896129,0.00031470024281037907
OK,2012,-0.005077637787481493,0.04372238627597001,0.00026956503923092156
OK,2013,-0.06459948472628785,0.062432050339448,4.715672413977106e-05
OK,2014,-0.021818582832208833,0.059140828347274715,-0.00016116398061519785
OK,2015,-0.1106196426812538,0.02956410651575588,-0.00018808109191907233
OK,2016,-0.20795890468901668,0.06713609548416302,-0.00013396138640608415
OK,2017,-0.2683055918348618,0.10573223704477787,-7.843730143160751e-06
OK,2018,-0.12939565574972445,0.05743037947908048,3.418078256755588e-05
OK,2019,-0.2925187545733765,0.005173184118250596,8.86364137144398e-05
OK,2020,-0.3952503470582096,0.0121690207706465,8.326670584881558e-05
OK,2021,0.1081956896985492,0.058103445707905675,0.00018430842199191306
OK,2022,0.16891491364432198,0.0931857858332818,0.00018759986856781277
OR,1994,,,
OR,1995,,,
OR,1996,-0.7030191664777257,-0.00024548114747588727,1.2350360798637452e-05
OR,1997,-0.11209881981929004,-8.740555613460433e-05,2.6178869679525138e-06
OR,1998,0.6757541799271243,0.00032718704989328313,2.477356420395867e-06
OR,1999,0.9374562623879401,0.0012627593809131624,2.331667454090195e-06
OR,2000,0.15912592406550763,0.0009167835903123685,2.2068194195805615e-06
OR,2001,0.27655433079458547,0.0003688466642949832,2.0765905249275634e-06
OR,2002,-0.013428476627194375,0.004828823359608678,1.95103830356439e-06
OR,2003,0.06759265444165807,0.00598588546308194,1.8900145710673346e-06
OR,2004,0.22391003744426907,0.003572856839156901,1.829975469407581e-06
OR,2005,0.0010202141819291022,0.005226658474792431,1.7457415580629926e-06
OR,2006,-0.2371927132184264,0.006015455016272941,2.4555553184125742e-06
OR,2007,0.18578619038211253,0.007546296709729267,1.8406041414973637e-05
OR,2008,0.47274366385073696,0.023436762295355375,5.139124422038505e-05
OR,2009,-0.106721001455933,0.031758057779879924,0.00024099446450577295
OR,2010,0.01688216183986091,0.01844294382363248,0.0004068367132143269
OR,2011,-0.21504430329708413,0.014416329334511998,0.00031470024281037907
OR,2012,-0.34206918352339555,0.028614235859838112,0.00026956503923092156
OR,2013,0.32331573899972144,0.03939826519402529,4.715672413977106e-05
OR,2014,0.17971098019969478,0.020150196727416046,-0.00016116398061519785
OR,2015,-0.11356972426950263,-0.01256973798856183,-0.00018808109191907233
OR,2016,-0.08997383788492996,-0.006917314230569558,-0.00013396138640608415
OR,2017,-0.1494524628580911,-0.0042656474035090725,-7.843730143160751e-06
OR,2018,0.02462514708813046,0.008856274424857433,3.418078256755588e-05
OR,2019,0.34238817078697625,0.015416409014665775,8.86364137144398e-05
OR,2020,0.0914721084472836,0.007599146800757184,8.326670584881558e-05
OR,2021,-0.4239797578925293,0.030764655978981335,0.00018430842199191306
OR,2022,-0.4762318320815675,0.01797719968856802,0.00018759986856781277
PA,1994,,,
PA,1995,,,
PA,1996,0.0674126035777931,0.0,1.2350360798637452e-05
PA,1997,0.049335796878954064,0.0,2.6178869679525138e-06
PA,1998,0.04000650555449781,0.0,2.477356420395867e-06
PA,1999,-0.012045592174932729,0.0,2.331667454090195e-06
PA,2000,0.03745734024282843,7.593353043224445e-05,2.2068194195805615e-06
PA,2001,-0.008311533541157878,8.683504502588713e-05,2.0765905249275634e-06
PA,2002,0.007401771673529289,0.00036671834524577927,1.95103830356439e-06
PA,2003,0.10143500560711338,0.0007538079543722946,1.8900145710673346e-06
PA,2004,0.05620088526893863,0.0017637965761954475,1.829975469407581e-06
PA,2005,0.0901332132689987,0.0012405140288618654,1.7457415580629926e-06
PA,2006,0.06092019169203766,0.0003611543284822291,2.4555553184125742e-06
PA,2007,0.014934703362193602,0.0011701457322567446,1.8406041414973637e-05
PA,2008,-0.034784025926301254,0.0025228035085432354,5.139124422038505e-05
PA,2009,-0.09269033260620763,0.0037537589926000363,0.00024099446450577295
PA,2010,0.0170180845342367,0.006816138656066264,0.0004068367132143269
PA,2011,0.01806494980423956,0.004800052999820381,0.00031470024281037907
PA,2012,-0.1342469596118976,0.0018531611433760913,0.00026956503923092156
PA,2013,-0.045199476612150846,0.009986880982591453,4.715672413977106e-05
PA,2014,-0.041105032584784595,0.010220672750601636,-0.00016116398061519785
PA,2015,-0.20504605149313804,0.001287495100674473,-0.00018808109191907233
PA,2016,-0.18788682966935788,1.0916412750786181e-05,-0.00013396138640608415
PA,2017,-0.16836202165046377,0.001281594920837615,-7.843730143160751e-06
PA,2018,-0.15157540087518928,0.00108195668289608,3.418078256755588e-05
PA,2019,-0.1044928356784327,0.010871949763975012,8.86364137144398e-05
PA,2020,-0.18005947571165404,0.0059428660677678675,8.326670584881558e-05
PA,2021,0.003014279844048673,0.006105615175301867,0.00018430842199191306
PA,2022,0.1007438567870933,0.018283621665931848,0.00018759986856781277
RI,1994,,,
RI,1995,,,
RI,1996,0.5062267583591038,-0.0002768411513554831,1.2350360798637452e-05
RI,1997,0.5561247793782009,-0.00029044883677557993,2.6178869679525138e-06
RI,1998,-0.018827839421071024,0.0,2.477356420395867e-06
RI,1999,-0.06606109398626692,0.0,2.331667454090195e-06
RI,2000,-0.1281564915246438,0.00015116386348935448,2.2068194195805615e-06
RI,2001,0.2399310638393164,0.0,2.0765905249275634e-06
RI,2002,0.33273839393918303,0.0002718004228974926,1.95103830356439e-06
RI,2003,-0.1037494566753423,0.0012474465298987416,1.8900145710673346e-06
RI,2004,-0.24981470995504407,0.001445105595364919,1.829975469407581e-06
RI,2005,0.14055887554443514,0.00035166411059627054,1.7457415580629926e-06
RI,2006,0.2292356978782344,0.00031373361369311565,2.4555553184125742e-06
RI,2007,0.1911489190115765,-0.00015350688156724656,1.8406041414973637e-05
RI,2008,0.23324891500753764,-0.0012296077808194804,5.139124422038505e-05
RI,2009,0.10112627920312423,-0.0013389143112599213,0.00024099446450577295
RI,2010,0.09198436149158495,0.0001113218821881859,0.0004068367132143269
RI,2011,0.14639201452862327,0.00032249494725111895,0.00031470024281037907
RI,2012,0.1024022819940007,-0.0008408898837083686,0.00026956503923092156
RI,2013,-0.285415974818247,0.011321143856758342,4.715672413977106e-05
RI,2014,-0.28743589631348687,0.012212442681989323,-0.00016116398061519785
RI,2015,0.08400840346768579,-0.002009251798636051,-0.00018808109191907233
RI,2016,0.030692879446928112,0.0034040008272057114,-0.00013396138640608415
RI,2017,0.014842665215933248,0.011616299496998342,-7.843730143160751e-06
RI,2018,0.21165451391574197,0.00534791154812756,3.418078256755588e-05
RI,2019,0.014159984442176032,0.012362358124272521,8.86364137144398e-05
RI,2020,0.019305621804051487,0.014386165872329994,8.326670584881558e-05
RI,2021,0.18815498508813588,0.0029620312891199155,0.00018430842199191306
RI,2022,-0.2664428574617883,0.006129614607857818,0.00018759986856781277
SC,1994,,,
SC,1995,,,
SC,1996,0.08527409397181351,0.0,1.2350360798637452e-05
SC,1997,0.15747129488387035,0.0,2.6178869679525138e-06
SC,1998,0.08036692181903593,0.0,2.477356420395867e-06
SC,1999,0.12647756533229426,0.0,2.331667454090195e-06
SC,2000,0.16373565629504405,0.0,2.2068194195805615e-06
SC,2001,0.0453949678905472,0.0,2.0765905249275634e-06
SC,2002,-0.0223740680545248,0.0,1.95103830356439e-06
SC,2003,0.059739324816341366,0.0,1.8900145710673346e-06
SC,2004,0.12851262488047865,0.0,1.829975469407581e-06
SC,2005,0.1256786023029326,0.0,1.7457415580629926e-06
SC,2006,0.04007911914839113,0.0,2.4555553184125742e-06
SC,2007,0.04114767677615738,0.0,1.8406041414973637e-05
SC,2008,0.048185546045047545,0.0,5.139124422038505e-05
SC,2009,-0.10310377834576556,0.0,0.00024099446450577295
SC,2010,-0.003694101359621449,0.0,0.0004068367132143269
SC,2011,0.03249433108940636,0.0,0.00031470024281037907
SC,2012,-0.22017286038196815,0.0,0.00026956503923092156
SC,2013,-0.2631125340269529,0.0,4.715672413977106e-05
SC,2014,0.041706613817289906,6.590758425321194e-05,-0.00016116398061519785
SC,2015,0.02800723091812163,5.2332559703510033e-05,-0.00018808109191907233
SC,2016,-0.1581139548038104,-1.5090076221548726e-06,-0.00013396138640608415
SC,2017,-0.15074768315696208,0.000960520701755455,-7.843730143160751e-06
SC,2018,-0.01830152029762644,0.006304443563668049,3.418078256755588e-05
SC,2019,-0.08204661717320061,0.021953638772791693,8.86364137144398e-05
SC,2020,-0.23425983862865252,0.02696453747174555,8.326670584881558e-05
SC,2021,0.05989335054144895,0.017192203309860148,0.00018430842199191306
SC,2022,0.1969825015195541,0.010667176223248564,0.00018759986856781277
SD,1994,,,
SD,1995,,,
SD,1996,-0.24070610149221983,-9.026182036361053e-06,1.2350360798637452e-05
SD,1997,0.12657809890153393,0.0,2.6178869679525138e-06
SD,1998,0.23592119983350957,0.0,2.477356420395867e-06
SD,1999,0.07456121166531426,0.0,2.331667454090195e-06
SD,2000,0.14248209410407586,0.0,2.2068194195805615e-06
SD,2001,0.030723787764223243,0.0006215586096737177,2.0765905249275634e-06
SD,2002,-0.07296423811376496,0.0013791627147196985,1.95103830356439e-06
SD,2003,-0.0013752154870587674,0.004649669125349181,1.8900145710673346e-06
SD,2004,0.16919866282904295,0.015408568779369924,1.829975469407581e-06
SD,2005,-0.07824496683342597,0.012467640913514611,1.7457415580629926e-06
SD,2006,-0.09188033266101847,0.0008764909535923126,2.4555553184125742e-06
SD,2007,-0.112288788915055,0.0017274391551800306,1.8406041414973637e-05
SD,2008,0.11424138152576324,0.0032607789334966187,5.139124422038505e-05
SD,2009,0.19301838362671342,0.02458219686952932,0.00024099446450577295
SD,2010,-0.05118781809715722,0.0968214726658722,0.0004068367132143269
SD,2011,-0.154903498192819,0.17452439721481644,0.00031470024281037907
SD,2012,-0.09300689870355017,0.07513335669105899,0.00026956503923092156
SD,2013,0.13885421146906918,0.010817651692617333,4.715672413977106e-05
SD,2014,-0.01357689398727624,0.003979359225280488,-0.00016116398061519785
SD,2015,-0.5342194207816489,-0.010274849741656713,-0.00018808109191907233
SD,2016,-0.11513389538618846,0.09674158389775755,-0.00013396138640608415
SD,2017,0.3107440016316896,0.032760413262321264,-7.843730143160751e-06
SD,2018,0.05976235578593547,-0.06432736253356382,3.418078256755588e-05
SD,2019,0.22320980199223772,0.0972196831569353,8.86364137144398e-05
SD,2020,-0.19137799082274798,0.12811018870222343,8.326670584881558e-05
SD,2021,-0.2918137346923442,0.0726188105258676,0.00018430842199191306
SD,2022,0.2762591545616173,0.12395505882779274,0.00018759986856781277
TN,1994,,,
TN,1995,,,
TN,1996,0.04857058425323135,-0.00011298933088951158,1.2350360798637452e-05
TN,1997,0.00543781878687799,-7.283357658511968e-05,2.6178869679525138e-06
TN,1998,0.024500031874501005,-2.3775009828685543e-05,2.477356420395867e-06
TN,1999,-0.03407412671181653,0.00015538738932423276,2.331667454090195e-06
TN,2000,0.08208385432179632,0.0001364648653403472,2.2068194195805615e-06
TN,2001,0.06019600558018645,4.02906900247574e-05,2.0765905249275634e-06
TN,2002,-0.050342922716756,0.00021563582135353157,1.95103830356439e-06
TN,2003,-0.06805824281614292,0.00031374211875897536,1.8900145710673346e-06
TN,2004,0.028929367766259872,0.00014718771526074268,1.829975469407581e-06
TN,2005,0.1131948838590322,0.0003199271594431369,1.7457415580629926e-06
TN,2006,0.07655264616175561,0.0012499261137374055,2.4555553184125742e-06
TN,2007,0.023389108260118086,0.0012960825267669528,1.8406041414973637e-05
TN,2008,-0.06041125113347867,0.0015403210797425146,5.139124422038505e-05
TN,2009,-0.34185465817889327,0.002279639139840962,0.00024099446450577295
TN,2010,-0.18038242088283862,0.003292306193713872,0.0004068367132143269
TN,2011,0.055364647624606356,0.0037536128795004646,0.00031470024281037907
TN,2012,-0.16267381760846877,0.0025696825400318944,0.00026956503923092156
TN,2013,-0.1448357072225388,0.002646839344873154,4.715672413977106e-05
TN,2014,0.060427919669537644,0.004153495855040294,-0.00016116398061519785
TN,2015,0.003978865818841548,0.006028043260408136,-0.00018808109191907233
TN,2016,0.006596000066391383,0.004798302570268092,-0.00013396138640608415
TN,2017,-0.025287707042256358,0.0023302229366517894,-7.843730143160751e-06
TN,2018,-0.38599401120065924,0.004535447216661753,3.418078256755588e-05
TN,2019,-0.383638984800613,-0.004015553190640595,8.86364137144398e-05
TN,2020,-0.2587176215603719,-0.005625478254235434,8.326670584881558e-05
TN,2021,0.08188826190761667,0.0087533808483474,0.00018430842199191306
TN,2022,0.32261752688073386,0.02180399254285578,0.00018759986856781277
TX,1994,,,
TX,1995,,,
TX,1996,0.05144810827357382,0.00033978619479270883,1.2350360798637452e-05
TX,1997,0.07847603734449304,0.0003264617437098364,2.6178869679525138e-06
TX,1998,0.04368447688492516,-1.0567256833877962e-05,2.477356420395867e-06
TX,1999,0.04858763001609656,0.0008677028651249314,2.331667454090195e-06
TX,2000,0.060448165913753016,0.0014102484549278177,2.2068194195805615e-06
TX,2001,0.02322867672662099,0.0030109302919365324,2.0765905249275634e-06
TX,2002,0.07079395760437457,0.0072202270690174975,1.95103830356439e-06
TX,2003,0.12924898208283153,0.004577139831561585,1.8900145710673346e-06
TX,2004,0.08010507369722131,0.0011974213621949764,1.829975469407581e-06
TX,2005,0.06592192363127225,0.00529143195952099,1.7457415580629926e-06
TX,2006,0.026411397335926345,0.011997310319454266,2.4555553184125742e-06
TX,2007,0.005624183100132463,0.016403431738481692,1.8406041414973637e-05
TX,2008,0.010751216755091164,0.031951446977180324,5.139124422038505e-05
TX,2009,-0.028476800328895102,0.036502873543294616,0.00024099446450577295
TX,2010,0.019472782822330892,0.03287979767646173,0.0004068367132143269
TX,2011,0.129263281856697,0.033683004160596414,0.00031470024281037907
TX,2012,0.006325365158692975,0.017284462490650992,0.00026956503923092156
TX,2013,-0.0060348281072588605,0.017459017097582987,4.715672413977106e-05
TX,2014,0.07106564271012061,0.027348467763208224,-0.00016116398061519785
TX,2015,-0.07257228699645513,0.02645543437589326,-0.00018808109191907233
TX,2016,-0.05802010210180786,0.05110432585301077,-0.00013396138640608415
TX,2017,0.04642272960378602,0.07081053367594259,-7.843730143160751e-06
TX,2018,-0.0684442881218974,0.05733169369286229,3.418078256755588e-05
TX,2019,-0.2093900151485748,0.048645190271455904,8.86364137144398e-05
TX,2020,-0.13940822061595703,0.0614724634236682,8.326670584881558e-05
TX,2021,0.0008318707430134964,0.08070599722749407,0.00018430842199191306
TX,2022,0.14161730173556641,0.10071587496704533,0.00018759986856781277
UT,1994,,,
UT,1995,,,
UT,1996,-0.0698602071141492,0.0,1.2350360798637452e-05
UT,1997,0.024746417175374624,0.0,2.6178869679525138e-06
UT,1998,0.06293479962130188,0.0,2.477356420395867e-06
UT,1999,0.05175347557290255,0.0,2.331667454090195e-06
UT,2000,0.03455404150848729,0.0,2.2068194195805615e-06
UT,2001,0.005611058370399213,0.0,2.0765905249275634e-06
UT,2002,0.05017192451182062,0.0,1.95103830356439e-06
UT,2003,0.10851094920569526,0.0,1.8900145710673346e-06
UT,2004,0.07411226348144151,0.0,1.829975469407581e-06
UT,2005,0.05489160974927643,0.0,1.7457415580629926e-06
UT,2006,0.03004633616041197,0.0,2.4555553184125742e-06
UT,2007,0.02768559656153613,0.0,1.8406041414973637e-05
UT,2008,0.04672779364680757,0.0007796635422421353,5.139124422038505e-05
UT,2009,-0.03211481665693228,0.0052977440294048085,0.00024099446450577295
UT,2010,-0.05780970783827577,0.014658011304482294,0.0004068367132143269
UT,2011,-0.026105437814358368,0.015910585949210642,0.00031470024281037907
UT,2012,-0.07873132606488387,0.012406521576076811,0.00026956503923092156
UT,2013,0.08424739998874387,-0.0006212848223426129,4.715672413977106e-05
UT,2014,0.12906988053026502,-0.0040930394428505285,-0.00016116398061519785
UT,2015,-0.03747536790464334,0.004010611726159766,-0.00018808109191907233
UT,2016,-0.16746254728028642,0.050861052781974246,-0.00013396138640608415
UT,2017,-0.1550411438382442,0.09871437360264422,-7.843730143160751e-06
UT,2018,0.01645776980446012,0.04178929115743124,3.418078256755588e-05
UT,2019,-0.006034456851678804,0.043872555205830485,8.86364137144398e-05
UT,2020,-0.023915925189127663,0.08114745739524819,8.326670584881558e-05
UT,2021,0.10918593043093772,0.09240381522621866,0.00018430842199191306
UT,2022,0.14693045743072286,0.07231133385535704,0.00018759986856781277
VA,1994,,,
VA,1995,,,
VA,1996,0.1563096745632091,-1.8135518103773122e-05,1.2350360798637452e-05
VA,1997,0.12953249196330585,-3.36171373758548e-05,2.6178869679525138e-06
VA,1998,0.07915024468572618,-5.115460128543178e-05,2.477356420395867e-06
VA,1999,0.076394132462136,7.99661433446907e-05,2.331667454090195e-06
VA,2000,0.16780436272319488,0.000176187364813559,2.2068194195805615e-06
VA,2001,0.10646403744694855,0.00016870177337222354,2.0765905249275634e-06
VA,2002,-0.011248371209584995,0.00041932910530620784,1.95103830356439e-06
VA,2003,-0.004631662888763266,0.00038609487738743947,1.8900145710673346e-06
VA,2004,-0.010442863734730246,0.0003050024703447888,1.829975469407581e-06
VA,2005,0.046980327293358215,0.0005580376376723894,1.7457415580629926e-06
VA,2006,-0.03163507880177452,0.0010846769018572314,2.4555553184125742e-06
VA,2007,0.013949448469665171,0.0012216555501076464,1.8406041414973637e-05
VA,2008,-0.03980825582572134,0.002433414335148494,5.139124422038505e-05
VA,2009,-0.270897711298848,0.0035320031719395157,0.00024099446450577295
VA,2010,-0.07082914008257113,0.0033911783785522715,0.0004068367132143269
VA,2011,-0.10829931996700815,0.004293856840290663,0.00031470024281037907
VA,2012,-0.3725458042533827,0.0031156650294005424,0.00026956503923092156
VA,2013,0.11548547930585418,0.0020899091240752787,4.715672413977106e-05
VA,2014,0.2793225361365348,0.002920678218008354,-0.00016116398061519785
VA,2015,-0.02868312747711599,0.0005110906912751311,-0.00018808109191907233
VA,2016,0.05480505771364008,-0.0013206321934667643,-0.00013396138640608415
VA,2017,-0.1815928349415472,0.004005181521651066,-7.843730143160751e-06
VA,2018,-0.2226215252258763,0.008675686398011553,3.418078256755588e-05
VA,2019,-0.23353874437847466,0.007974111397494548,8.86364137144398e-05
VA,2020,-0.1801626858354961,0.0008583809154965603,8.326670584881558e-05
VA,2021,-0.10116775534850575,0.004179482253052054,0.00018430842199191306
VA,2022,-0.25945668232567076,0.0121262580906915,0.00018759986856781277
VT,1994,,,
VT,1995,,,
VT,1996,-0.30019698242915727,0.0,1.2350360798637452e-05
VT,1997,-0.24925032099744504,0.0,2.6178869679525138e-06
VT,1998,1.2504359575755095,0.0,2.477356420395867e-06
VT,1999,0.7306865116600756,0.0010858370837977973,2.331667454090195e-06
VT,2000,0.7887978095486194,0.0012511708897527585,2.2068194195805615e-06
VT,2001,0.05171269797374922,0.0004177523452409394,2.0765905249275634e-06
VT,2002,-1.2340842422016163,0.00011176441517614441,1.95103830356439e-06
VT,2003,-0.08612670762930819,-8.715796651547592e-05,1.8900145710673346e-06
VT,2004,0.08546811429429102,0.0002551903080619671,1.829975469407581e-06
VT,2005,-0.766509113369481,0.00017813241568383887,1.7457415580629926e-06
VT,2006,-0.2678985171095194,-0.0003481650157301122,2.4555553184125742e-06
VT,2007,0.6191726301716085,-0.00012832154006079777,1.8406041414973637e-05
VT,2008,0.39034979851405716,-0.00011824593755324399,5.139124422038505e-05
VT,2009,-0.04814339367161802,-0.0002018740527418245,0.00024099446450577295
VT,2010,-0.04547292007664172,0.00042902491876688925,0.0004068367132143269
VT,2011,0.029235923940052366,0.002547451357783433,0.00031470024281037907
VT,2012,-0.15809367970730515,0.0043562374641758165,0.00026956503923092156
VT,2013,0.23020302189601916,0.009498346818510773,4.715672413977106e-05
VT,2014,0.6814872688325626,0.01198951647741878,-0.00016116398061519785
VT,2015,0.4097026422403265,0.014971561416420023,-0.00018808109191907233
VT,2016,0.09142966705594668,0.013429911910571718,-0.00013396138640608415
VT,2017,0.09057417096618892,0.002487512036479932,-7.843730143160751e-06
VT,2018,0.06495327775186732,0.007833455277360976,3.418078256755588e-05
VT,2019,0.0402439301789741,-0.003559390198236413,8.86364137144398e-05
VT,2020,-0.03824487588438208,-0.010153368101178346,8.326670584881558e-05
VT,2021,0.22806329916817547,0.0023844158710232734,0.00018430842199191306
VT,2022,0.007734059430205331,0.0050254487393479414,0.00018759986856781277
WA,1994,,,
WA,1995,,,
WA,1996,-0.14912665273173165,-9.655547335502575e-05,1.2350360798637452e-05
WA,1997,0.12170757472413607,0.0,2.6178869679525138e-06
WA,1998,0.12653061395109466,1.6262909810733822e-05,2.477356420395867e-06
WA,1999,0.20239053973741505,0.0,2.331667454090195e-06
WA,2000,0.10348843306535027,5.188949704885257e-06,2.2068194195805615e-06
WA,2001,0.1662690551591819,0.00021822024414769133,2.0765905249275634e-06
WA,2002,-0.07132941871296872,0.0034919457331506506,1.95103830356439e-06
WA,2003,0.15620760879393858,0.006391408076734167,1.8900145710673346e-06
WA,2004,0.22054619757775962,0.004349099237156918,1.829975469407581e-06
WA,2005,0.02684983883491876,-0.0008098259108407438,1.7457415580629926e-06
WA,2006,-0.40159670711089657,0.003805516257045366,2.4555553184125742e-06
WA,2007,-0.17393684131181475,0.020240811038775012,1.8406041414973637e-05
WA,2008,0.29793701183871946,0.027228649492757728,5.139124422038505e-05
WA,2009,0.02583883122889752,0.015893213603733657,0.00024099446450577295
WA,2010,0.06120294681746996,0.016524772497709263,0.0004068367132143269
WA,2011,-0.46128637728888844,0.024785161210878696,0.00031470024281037907
WA,2012,-0.7549333099139868,0.01232070522224828,0.00026956503923092156
WA,2013,0.44391551384908556,0.007262481535068654,4.715672413977106e-05
WA,2014,0.666773540748923,0.007213994054926624,-0.00016116398061519785
WA,2015,-0.10646047445865525,-0.0006428225162397917,-0.00018808109191907233
WA,2016,-0.20307362281317953,0.0014497958477055447,-0.00013396138640608415
WA,2017,0.01151796141996142,-0.00602388193315755,-7.843730143160751e-06
WA,2018,0.07824082108764374,-0.0003939217295355434,3.418078256755588e-05
WA,2019,0.26450185929921544,0.011222679137169983,8.86364137144398e-05
WA,2020,0.094939714995947,-0.021243416282268338,8.326670584881558e-05
WA,2021,-0.4212392071767401,0.018316696070733496,0.00018430842199191306
WA,2022,-0.14563926224121682,0.037548874489408135,0.00018759986856781277
WI,1994,,,
WI,1995,,,
WI,1996,0.07036980002046267,1.7763573991091456e-05,1.2350360798637452e-05
WI,1997,0.09772741605140656,0.00010837207840138522,2.6178869679525138e-06
WI,1998,0.05018675425144625,-1.8633092182510156e-05,2.477356420395867e-06
WI,1999,-0.0012548935447105336,1.5029920124165853e-05,2.331667454090195e-06
WI,2000,0.059231376241305256,0.0003151706206889249,2.2068194195805615e-06
WI,2001,0.045325257708342725,0.0018296983395222194,2.0765905249275634e-06
WI,2002,0.02015817211238602,0.0015257755259612232,1.95103830356439e-06
WI,2003,0.028689418566028912,0.0010159158199611778,1.8900145710673346e-06
WI,2004,0.0561312803490539,0.0015451589313903045,1.829975469407581e-06
WI,2005,0.12641312586837827,0.0006041039137943811,1.7457415580629926e-06
WI,2006,-0.04051914389020084,0.001036660719898143,2.4555553184125742e-06
WI,2007,-0.11779750598823568,0.0016738876204727888,1.8406041414973637e-05
WI,2008,0.030713526753516796,0.009869797589340906,5.139124422038505e-05
WI,2009,-0.06461567112815114,0.021299106922381395,0.00024099446450577295
WI,2010,0.007124395613191226,0.013702976067415641,0.0004068367132143269
WI,2011,0.08620081739780527,0.005466835513805427,0.00031470024281037907
WI,2012,-0.14940878679707303,0.01348085936467858,0.00026956503923092156
WI,2013,0.08741069364611587,0.009287505388768333,4.715672413977106e-05
WI,2014,0.1429226486424069,0.007665904001175335,-0.00016116398061519785
WI,2015,-0.03791261377895161,0.0010803591765369091,-0.00018808109191907233
WI,2016,-0.0030917820189237943,-0.002573890888688081,-0.00013396138640608415
WI,2017,0.003152704923303773,0.008098048341421209,-7.843730143160751e-06
WI,2018,0.0034702827324286645,0.006649414733980086,3.418078256755588e-05
WI,2019,-0.28049961374123633,0.03545774356114677,8.86364137144398e-05
WI,2020,-0.22721366632371431,0.0455139073965823,8.326670584881558e-05
WI,2021,0.10687439338856208,0.029741214420814073,0.00018430842199191306
WI,2022,0.09964921372566149,0.04609078970246517,0.00018759986856781277
WV,1994,,,
WV,1995,,,
WV,1996,0.039801693563500606,0.0,1.2350360798637452e-05
WV,1997,0.09522887606594654,0.0,2.6178869679525138e-06
WV,1998,0.06520415350596487,0.0,2.477356420395867e-06
WV,1999,0.04540481756283299,0.0,2.331667454090195e-06
WV,2000,0.013361411315597316,0.0,2.2068194195805615e-06
WV,2001,-0.12478266046305997,0.0,2.0765905249275634e-06
WV,2002,0.05954817428163395,9.382035155279461e-05,1.95103830356439e-06
WV,2003,0.17601212917383346,0.0017641257703017654,1.8900145710673346e-06
WV,2004,-0.0187545109787548,0.0016705952098237937,1.829975469407581e-06
WV,2005,0.0253482367666491,-3.5354022969902416e-05,1.7457415580629926e-06
WV,2006,0.055682718715330815,0.00026764572762026656,2.4555553184125742e-06
WV,2007,0.01190590487095644,0.0003644601851129405,1.8406041414973637e-05
WV,2008,-0.015061591369259553,0.002589879095033931,5.139124422038505e-05
WV,2009,-0.24585586119848912,0.007223496869218886,0.00024099446450577295
WV,2010,-0.08142735205070295,0.006313910130498624,0.0004068367132143269
WV,2011,0.1190107915768035,0.003740395297443283,0.00031470024281037907
WV,2012,-0.09105405104729059,0.005077365646135283,0.00026956503923092156
WV,2013,0.007104914957992925,0.00428486930395936,4.715672413977106e-05
WV,2014,0.14689505094715294,0.0013860871399828832,-0.00016116398061519785
WV,2015,-0.012624125001378772,0.0012992817177043825,-0.00018808109191907233
WV,2016,0.010121624009409302,0.0005511392665592215,-0.00013396138640608415
WV,2017,0.02096711172802035,0.0032849821045574474,-7.843730143160751e-06
WV,2018,-0.14632445479643774,0.008472918095061321,3.418078256755588e-05
WV,2019,-0.15549781980392918,0.0015019728269196995,8.86364137144398e-05
WV,2020,-0.12933910058217357,-0.005669864211708828,8.326670584881558e-05
WV,2021,0.08544094303726979,0.0039005557373912904,0.00018430842199191306
WV,2022,0.20147415311239047,0.011605932126091867,0.00018759986856781277
WY,1994,,,
WY,1995,,,
WY,1996,-0.06577573595453856,0.0,1.2350360798637452e-05
WY,1997,-0.010721113931783322,0.0,2.6178869679525138e-06
WY,1998,0.10098373805220451,3.666501460521569e-05,2.477356420395867e-06
WY,1999,0.06794601516141352,0.00020729155236970362,2.331667454090195e-06
WY,2000,-0.011871585324681355,0.004685899794088962,2.2068194195805615e-06
WY,2001,0.04097185889987465,0.007141205158653889,2.0765905249275634e-06
WY,2002,-0.004294898187759522,0.0042887980288931,1.95103830356439e-06
WY,2003,0.02961392439775068,0.000378029828008997,1.8900145710673346e-06
WY,2004,0.07709698774054274,0.00358048561499964,1.829975469407581e-06
WY,2005,0.029038798205816008,0.006962235871308611,1.7457415580629926e-06
WY,2006,-0.011372011240077917,0.003869793678917965,2.4555553184125742e-06
WY,2007,-0.004442322834715462,0.002227890829060355,1.8406041414973637e-05
WY,2008,0.018995026904014445,0.005532379162845239,5.139124422038505e-05
WY,2009,-0.00710196250219397,0.02919119168613081,0.00024099446450577295
WY,2010,0.02006214336017642,0.040345138713610944,0.0004068367132143269
WY,2011,0.011187618242909814,0.04493093112210726,0.00031470024281037907
WY,2012,0.026502110714036853,0.01688451739627468,0.00026956503923092156
WY,2013,0.1715000261305084,-0.012103278700299314,4.715672413977106e-05
WY,2014,0.05283834849074687,0.00118604881816788,-0.00016116398061519785
WY,2015,-0.03377770235949562,-0.006530958348793718,-0.00018808109191907233
WY,2016,0.004470233990222283,0.0021790000128854327,-0.00013396138640608415
WY,2017,-0.03916802338453351,0.012514852159909818,-7.843730143160751e-06
WY,2018,-0.019254898382699892,-0.003598568291656346,3.418078256755588e-05
WY,2019,-0.13360453387951488,-0.02005041703186602,8.86364137144398e-05
WY,2020,-0.07408209649403474,-0.004584988545211486,8.326670584881558e-05
WY,2021,-0.004990333751871745,0.03016214900852636,0.00018430842199191306
WY,2022,0.17970984747529517,0.029417373864020456,0.00018759986856781277
