anchor_mode,target_role,tau_true,config,T0,T1,branch,method,n_pairs,coverage_tsls,coverage_robust,delta_coverage_robust_minus_tsls,mcse_delta_coverage,bias_tsls,bias_robust,delta_signed_bias_robust_minus_tsls,mcse_delta_signed_bias,absolute_bias_tsls,absolute_bias_robust,delta_absolute_bias_robust_minus_tsls,delta_mean_abs_error_robust_minus_tsls,mcse_delta_mean_abs_error,rmse_tsls,rmse_robust,delta_rmse_robust_minus_tsls,mcse_delta_rmse
fixed_template,restricted_midpoint,-1.874745929714662,finite_length,5,10,Aggregate Shock,AR,1000,0.467,0.677,0.21,0.017441450748266446,,,,,,,,,,,,,
fixed_template,restricted_midpoint,-1.874745929714662,finite_length,5,10,Aggregate Shock,ARIMA-Z,1000,0.53,0.776,0.246,0.016963837177118028,0.3565993450724941,0.012428291187463303,-0.3441710538850307,0.08471942276190919,0.3565993450724941,0.012428291187463303,-0.3441710538850308,-0.6972648094874583,0.08219664869216273,2.703191765947988,0.06622186138331508,-2.636969904564673,1.0988485742977376
fixed_template,restricted_midpoint,-1.874745929714662,finite_length,5,10,Aggregate Shock,HAC,1000,0.416,0.655,0.239,0.01772549556974905,0.3565993450724941,0.012428291187463303,-0.3441710538850307,0.08471942276190919,0.3565993450724941,0.012428291187463303,-0.3441710538850308,-0.6972648094874583,0.08219664869216273,2.703191765947988,0.06622186138331508,-2.636969904564673,1.0988485742977376
fixed_template,restricted_midpoint,-1.874745929714662,finite_length,5,10,Basic,AR,1000,0.834,0.84,0.006,0.009594584725565566,,,,,,,,,,,,,
fixed_template,restricted_midpoint,-1.874745929714662,finite_length,5,10,Basic,ARIMA-Z,1000,0.9,0.902,0.002,0.007749584250529576,0.00111621251301088,0.0010161214697011248,-0.00010009104330975527,0.000271534757076886,0.00111621251301088,0.0010161214697011248,-0.00010009104330975516,0.0011345800162487257,0.00025655866884196065,0.02361862971046641,0.026032084321514378,0.002413454611047968,0.0012135908964002672
fixed_template,restricted_midpoint,-1.874745929714662,finite_length,5,10,Basic,HAC,1000,0.824,0.835,0.011,0.009745459146390897,0.00111621251301088,0.0010161214697011248,-0.00010009104330975527,0.000271534757076886,0.00111621251301088,0.0010161214697011248,-0.00010009104330975516,0.0011345800162487257,0.00025655866884196065,0.02361862971046641,0.026032084321514378,0.002413454611047968,0.0012135908964002672
fixed_template,restricted_midpoint,-1.874745929714662,finite_length,5,10,GFE,AR,1000,0.811,0.812,0.001,0.015271942647621235,,,,,,,,,,,,,
fixed_template,restricted_midpoint,-1.874745929714662,finite_length,5,10,GFE,ARIMA-Z,1000,0.849,0.884,0.035,0.013709958532503404,0.019795946262067324,-1.3798899964854171e-05,-0.019809745162032183,0.017671894684544043,0.019795946262067324,1.3798899964854171e-05,-0.01978214736210247,-0.32338081664385415,0.013264022877004034,0.5664456330069618,0.09046302931983664,-0.4759826036871252,0.06758480060133815
fixed_template,restricted_midpoint,-1.874745929714662,finite_length,5,10,GFE,HAC,1000,0.802,0.785,-0.017,0.015651068843882707,0.019795946262067324,-1.3798899964854171e-05,-0.019809745162032183,0.017671894684544043,0.019795946262067324,1.3798899964854171e-05,-0.01978214736210247,-0.32338081664385415,0.013264022877004034,0.5664456330069618,0.09046302931983664,-0.4759826036871252,0.06758480060133815
fixed_template,restricted_midpoint,-1.874745929714662,finite_length,5,10,GFE + Agg. Shock,AR,1000,0.564,0.714,0.15,0.018488965407557068,,,,,,,,,,,,,
fixed_template,restricted_midpoint,-1.874745929714662,finite_length,5,10,GFE + Agg. Shock,ARIMA-Z,1000,0.636,0.809,0.173,0.01695164765910259,0.8799979008763771,0.060506590531507524,-0.8194913103448696,0.3018842885633514,0.8799979008763771,0.060506590531507524,-0.8194913103448696,-1.0156792763145508,0.30104605618415675,9.58556268323266,0.24664420799221878,-9.33891847524044,3.521166357067104
fixed_template,restricted_midpoint,-1.874745929714662,finite_length,5,10,GFE + Agg. Shock,HAC,1000,0.495,0.681,0.186,0.01854043547891332,0.8799979008763771,0.060506590531507524,-0.8194913103448696,0.3018842885633514,0.8799979008763771,0.060506590531507524,-0.8194913103448696,-1.0156792763145508,0.30104605618415675,9.58556268323266,0.24664420799221878,-9.33891847524044,3.521166357067104
fixed_template,restricted_robust,-2.613394158922053,finite_length,5,10,Aggregate Shock,AR,1000,0.467,0.676,0.209,0.0174821230010724,,,,,,,,,,,,,
fixed_template,restricted_robust,-2.613394158922053,finite_length,5,10,Aggregate Shock,ARIMA-Z,1000,0.53,0.777,0.247,0.016978789099322697,0.356599345072494,0.012533988645059013,-0.34406535642743497,0.08471900032882795,0.356599345072494,0.012533988645059013,-0.344065356427435,-0.6972655797966545,0.08219662206807511,2.7031917659479894,0.06620932444683886,-2.6369824415011505,1.09884855679481
fixed_template,restricted_robust,-2.613394158922053,finite_length,5,10,Aggregate Shock,HAC,1000,0.416,0.655,0.239,0.01772549556974905,0.356599345072494,0.012533988645059013,-0.34406535642743497,0.08471900032882795,0.356599345072494,0.012533988645059013,-0.344065356427435,-0.6972655797966545,0.08219662206807511,2.7031917659479894,0.06620932444683886,-2.6369824415011505,1.09884855679481
fixed_template,restricted_robust,-2.613394158922053,finite_length,5,10,Basic,AR,1000,0.834,0.84,0.006,0.009594584725565566,,,,,,,,,,,,,
fixed_template,restricted_robust,-2.613394158922053,finite_length,5,10,Basic,ARIMA-Z,1000,0.9,0.902,0.002,0.007749584250529576,0.0011162125130108884,0.0010160917074954212,-0.0001001208055154672,0.00027149433255350573,0.0011162125130108884,0.0010160917074954212,-0.00010012080551546725,0.0011342323876856496,0.00025652070599130474,0.023618629710466403,0.02603163044082763,0.0024130007303612283,0.0012136313645826906
fixed_template,restricted_robust,-2.613394158922053,finite_length,5,10,Basic,HAC,1000,0.824,0.835,0.011,0.009745459146390897,0.0011162125130108884,0.0010160917074954212,-0.0001001208055154672,0.00027149433255350573,0.0011162125130108884,0.0010160917074954212,-0.00010012080551546725,0.0011342323876856496,0.00025652070599130474,0.023618629710466403,0.02603163044082763,0.0024130007303612283,0.0012136313645826906
fixed_template,restricted_robust,-2.613394158922053,finite_length,5,10,GFE,AR,1000,0.811,0.812,0.001,0.015271942647621235,,,,,,,,,,,,,
fixed_template,restricted_robust,-2.613394158922053,finite_length,5,10,GFE,ARIMA-Z,1000,0.849,0.886,0.037,0.013704700610331435,0.019795946262067324,-7.71607545902775e-06,-0.019803662337526354,0.0176703882871906,0.019795946262067324,7.71607545902775e-06,-0.019788230186608295,-0.3233671181240162,0.013263580842380477,0.5664456330069618,0.09045544615734459,-0.47599018684961725,0.06758052158578254
fixed_template,restricted_robust,-2.613394158922053,finite_length,5,10,GFE,HAC,1000,0.802,0.786,-0.016,0.01562011485194613,0.019795946262067324,-7.71607545902775e-06,-0.019803662337526354,0.0176703882871906,0.019795946262067324,7.71607545902775e-06,-0.019788230186608295,-0.3233671181240162,0.013263580842380477,0.5664456330069618,0.09045544615734459,-0.47599018684961725,0.06758052158578254
fixed_template,restricted_robust,-2.613394158922053,finite_length,5,10,GFE + Agg. Shock,AR,1000,0.564,0.716,0.152,0.018363911163835258,,,,,,,,,,,,,
fixed_template,restricted_robust,-2.613394158922053,finite_length,5,10,GFE + Agg. Shock,ARIMA-Z,1000,0.636,0.808,0.172,0.016932297620308435,0.8799979008763774,0.06117376984031758,-0.8188241310360597,0.3018818176775541,0.8799979008763774,0.06117376984031758,-0.8188241310360598,-1.0150273589137455,0.30104490500033604,9.585562683232665,0.24729904304740666,-9.338263640185257,3.52116545220318
fixed_template,restricted_robust,-2.613394158922053,finite_length,5,10,GFE + Agg. Shock,HAC,1000,0.495,0.683,0.188,0.018520232152945574,0.8799979008763774,0.06117376984031758,-0.8188241310360597,0.3018818176775541,0.8799979008763774,0.06117376984031758,-0.8188241310360598,-1.0150273589137455,0.30104490500033604,9.585562683232665,0.24729904304740666,-9.338263640185257,3.52116545220318
fixed_template,restricted_tsls,-1.136097700507271,finite_length,5,10,Aggregate Shock,AR,1000,0.467,0.676,0.209,0.017424770375032858,,,,,,,,,,,,,
fixed_template,restricted_tsls,-1.136097700507271,finite_length,5,10,Aggregate Shock,ARIMA-Z,1000,0.53,0.777,0.247,0.016919730413847534,0.3565993450724941,0.012372824437522335,-0.3442265206349717,0.08471970696132758,0.3565993450724941,0.012372824437522335,-0.3442265206349717,-0.6972640339563184,0.08219661820813674,2.703191765947987,0.06622896902317187,-2.6369627969248155,1.0988485625192446
fixed_template,restricted_tsls,-1.136097700507271,finite_length,5,10,Aggregate Shock,HAC,1000,0.416,0.654,0.238,0.017767151478829457,0.3565993450724941,0.012372824437522335,-0.3442265206349717,0.08471970696132758,0.3565993450724941,0.012372824437522335,-0.3442265206349717,-0.6972640339563184,0.08219661820813674,2.703191765947987,0.06622896902317187,-2.6369627969248155,1.0988485625192446
fixed_template,restricted_tsls,-1.136097700507271,finite_length,5,10,Basic,AR,1000,0.834,0.84,0.006,0.009594584725565566,,,,,,,,,,,,,
fixed_template,restricted_tsls,-1.136097700507271,finite_length,5,10,Basic,ARIMA-Z,1000,0.9,0.902,0.002,0.007749584250529576,0.0011162125130108906,0.0010161313814275917,-0.0001000811315832989,0.00027154856100821204,0.0011162125130108906,0.0010161313814275917,-0.00010008113158329886,0.0011346989738862331,0.00025657155301333514,0.023618629710466417,0.026032231359096082,0.002413601648629665,0.0012135674888249278
fixed_template,restricted_tsls,-1.136097700507271,finite_length,5,10,Basic,HAC,1000,0.824,0.835,0.011,0.009745459146390897,0.0011162125130108906,0.0010161313814275917,-0.0001000811315832989,0.00027154856100821204,0.0011162125130108906,0.0010161313814275917,-0.00010008113158329886,0.0011346989738862331,0.00025657155301333514,0.023618629710466417,0.026032231359096082,0.002413601648629665,0.0012135674888249278
fixed_template,restricted_tsls,-1.136097700507271,finite_length,5,10,GFE,AR,1000,0.811,0.812,0.001,0.015271942647621235,,,,,,,,,,,,,
fixed_template,restricted_tsls,-1.136097700507271,finite_length,5,10,GFE,ARIMA-Z,1000,0.849,0.884,0.035,0.013709958532503404,0.019795946262067328,-2.0129199939614927e-05,-0.019816075462006942,0.017672902460214728,0.019795946262067328,2.0129199939614927e-05,-0.019775817062127714,-0.3233897629671279,0.013264361198187129,0.5664456330069619,0.09047075702165462,-0.4759748759853073,0.06758784825927269
fixed_template,restricted_tsls,-1.136097700507271,finite_length,5,10,GFE,HAC,1000,0.802,0.786,-0.016,0.01562011485194613,0.019795946262067328,-2.0129199939614927e-05,-0.019816075462006942,0.017672902460214728,0.019795946262067328,2.0129199939614927e-05,-0.019775817062127714,-0.3233897629671279,0.013264361198187129,0.5664456330069619,0.09047075702165462,-0.4759748759853073,0.06758784825927269
fixed_template,restricted_tsls,-1.136097700507271,finite_length,5,10,GFE + Agg. Shock,AR,1000,0.564,0.714,0.15,0.01843474545090981,,,,,,,,,,,,,
fixed_template,restricted_tsls,-1.136097700507271,finite_length,5,10,GFE + Agg. Shock,ARIMA-Z,1000,0.636,0.81,0.174,0.016852537138603435,0.8799979008763772,0.06008554769328928,-0.819912353183088,0.30188581316736157,0.8799979008763772,0.06008554769328928,-0.8199123531830879,-1.0160731244504246,0.30104680086144636,9.585562683232661,0.2462613621431641,-9.339301321089497,3.5211669376580117
fixed_template,restricted_tsls,-1.136097700507271,finite_length,5,10,GFE + Agg. Shock,HAC,1000,0.495,0.679,0.184,0.018560401086412128,0.8799979008763772,0.06008554769328928,-0.819912353183088,0.30188581316736157,0.8799979008763772,0.06008554769328928,-0.8199123531830879,-1.0160731244504246,0.30104680086144636,9.585562683232661,0.2462613621431641,-9.339301321089497,3.5211669376580117
reanchored_template,restricted_midpoint,-1.874745929714662,finite_length,5,10,Aggregate Shock,AR,1000,0.467,0.677,0.21,0.017441450748266446,,,,,,,,,,,,,
reanchored_template,restricted_midpoint,-1.874745929714662,finite_length,5,10,Aggregate Shock,ARIMA-Z,1000,0.53,0.776,0.246,0.016963837177118028,0.3565993450724941,0.012428291187463303,-0.3441710538850307,0.08471942276190919,0.3565993450724941,0.012428291187463303,-0.3441710538850308,-0.6972648094874583,0.08219664869216273,2.703191765947988,0.06622186138331508,-2.636969904564673,1.0988485742977376
reanchored_template,restricted_midpoint,-1.874745929714662,finite_length,5,10,Aggregate Shock,HAC,1000,0.416,0.655,0.239,0.01772549556974905,0.3565993450724941,0.012428291187463303,-0.3441710538850307,0.08471942276190919,0.3565993450724941,0.012428291187463303,-0.3441710538850308,-0.6972648094874583,0.08219664869216273,2.703191765947988,0.06622186138331508,-2.636969904564673,1.0988485742977376
reanchored_template,restricted_midpoint,-1.874745929714662,finite_length,5,10,Basic,AR,1000,0.834,0.84,0.006,0.009594584725565566,,,,,,,,,,,,,
reanchored_template,restricted_midpoint,-1.874745929714662,finite_length,5,10,Basic,ARIMA-Z,1000,0.9,0.902,0.002,0.007749584250529576,0.00111621251301088,0.0010161214697011248,-0.00010009104330975527,0.000271534757076886,0.00111621251301088,0.0010161214697011248,-0.00010009104330975516,0.0011345800162487257,0.00025655866884196065,0.02361862971046641,0.026032084321514378,0.002413454611047968,0.0012135908964002672
reanchored_template,restricted_midpoint,-1.874745929714662,finite_length,5,10,Basic,HAC,1000,0.824,0.835,0.011,0.009745459146390897,0.00111621251301088,0.0010161214697011248,-0.00010009104330975527,0.000271534757076886,0.00111621251301088,0.0010161214697011248,-0.00010009104330975516,0.0011345800162487257,0.00025655866884196065,0.02361862971046641,0.026032084321514378,0.002413454611047968,0.0012135908964002672
reanchored_template,restricted_midpoint,-1.874745929714662,finite_length,5,10,GFE,AR,1000,0.811,0.812,0.001,0.015271942647621235,,,,,,,,,,,,,
reanchored_template,restricted_midpoint,-1.874745929714662,finite_length,5,10,GFE,ARIMA-Z,1000,0.849,0.884,0.035,0.013709958532503404,0.019795946262067404,-1.3798899958855193e-05,-0.019809745162026268,0.01767189468454405,0.019795946262067404,1.3798899958855193e-05,-0.019782147362108548,-0.32338081664385604,0.013264022877004001,0.5664456330069626,0.09046302931982983,-0.47598260368713274,0.06758480060133751
reanchored_template,restricted_midpoint,-1.874745929714662,finite_length,5,10,GFE,HAC,1000,0.802,0.785,-0.017,0.015651068843882707,0.019795946262067404,-1.3798899958855193e-05,-0.019809745162026268,0.01767189468454405,0.019795946262067404,1.3798899958855193e-05,-0.019782147362108548,-0.32338081664385604,0.013264022877004001,0.5664456330069626,0.09046302931982983,-0.47598260368713274,0.06758480060133751
reanchored_template,restricted_midpoint,-1.874745929714662,finite_length,5,10,GFE + Agg. Shock,AR,1000,0.564,0.714,0.15,0.018488965407557068,,,,,,,,,,,,,
reanchored_template,restricted_midpoint,-1.874745929714662,finite_length,5,10,GFE + Agg. Shock,ARIMA-Z,1000,0.636,0.809,0.173,0.01695164765910259,0.8799979008763762,0.06050659053151993,-0.8194913103448564,0.3018842885633508,0.8799979008763762,0.06050659053151993,-0.8194913103448562,-1.0156792763145361,0.3010460561841561,9.585562683232638,0.24664420799223422,-9.338918475240403,3.521166357067092
reanchored_template,restricted_midpoint,-1.874745929714662,finite_length,5,10,GFE + Agg. Shock,HAC,1000,0.495,0.681,0.186,0.01854043547891332,0.8799979008763762,0.06050659053151993,-0.8194913103448564,0.3018842885633508,0.8799979008763762,0.06050659053151993,-0.8194913103448562,-1.0156792763145361,0.3010460561841561,9.585562683232638,0.24664420799223422,-9.338918475240403,3.521166357067092
reanchored_template,restricted_robust,-2.613394158922053,finite_length,5,10,Aggregate Shock,AR,1000,0.467,0.676,0.209,0.0174821230010724,,,,,,,,,,,,,
reanchored_template,restricted_robust,-2.613394158922053,finite_length,5,10,Aggregate Shock,ARIMA-Z,1000,0.53,0.777,0.247,0.016978789099322697,0.356599345072494,0.012533988645059013,-0.34406535642743497,0.08471900032882795,0.356599345072494,0.012533988645059013,-0.344065356427435,-0.6972655797966545,0.08219662206807511,2.7031917659479894,0.06620932444683886,-2.6369824415011505,1.09884855679481
reanchored_template,restricted_robust,-2.613394158922053,finite_length,5,10,Aggregate Shock,HAC,1000,0.416,0.655,0.239,0.01772549556974905,0.356599345072494,0.012533988645059013,-0.34406535642743497,0.08471900032882795,0.356599345072494,0.012533988645059013,-0.344065356427435,-0.6972655797966545,0.08219662206807511,2.7031917659479894,0.06620932444683886,-2.6369824415011505,1.09884855679481
reanchored_template,restricted_robust,-2.613394158922053,finite_length,5,10,Basic,AR,1000,0.834,0.84,0.006,0.009594584725565566,,,,,,,,,,,,,
reanchored_template,restricted_robust,-2.613394158922053,finite_length,5,10,Basic,ARIMA-Z,1000,0.9,0.902,0.002,0.007749584250529576,0.0011162125130108884,0.0010160917074954212,-0.0001001208055154672,0.00027149433255350573,0.0011162125130108884,0.0010160917074954212,-0.00010012080551546725,0.0011342323876856496,0.00025652070599130474,0.023618629710466403,0.02603163044082763,0.0024130007303612283,0.0012136313645826906
reanchored_template,restricted_robust,-2.613394158922053,finite_length,5,10,Basic,HAC,1000,0.824,0.835,0.011,0.009745459146390897,0.0011162125130108884,0.0010160917074954212,-0.0001001208055154672,0.00027149433255350573,0.0011162125130108884,0.0010160917074954212,-0.00010012080551546725,0.0011342323876856496,0.00025652070599130474,0.023618629710466403,0.02603163044082763,0.0024130007303612283,0.0012136313645826906
reanchored_template,restricted_robust,-2.613394158922053,finite_length,5,10,GFE,AR,1000,0.811,0.818,0.007,0.015400915173722248,,,,,,,,,,,,,
reanchored_template,restricted_robust,-2.613394158922053,finite_length,5,10,GFE,ARIMA-Z,1000,0.863,0.894,0.031,0.013646436356251592,0.016560320191812968,-0.00047303457331686636,-0.01703335476512984,0.016810324005093153,0.016560320191812968,0.00047303457331686636,-0.0160872856184961,-0.2975396926186589,0.012855119108561906,0.5398473647097758,0.09080366833032605,-0.44904369637944974,0.06806864203529048
reanchored_template,restricted_robust,-2.613394158922053,finite_length,5,10,GFE,HAC,1000,0.802,0.786,-0.016,0.01574776149146259,0.016560320191812968,-0.00047303457331686636,-0.01703335476512984,0.016810324005093153,0.016560320191812968,0.00047303457331686636,-0.0160872856184961,-0.2975396926186589,0.012855119108561906,0.5398473647097758,0.09080366833032605,-0.44904369637944974,0.06806864203529048
reanchored_template,restricted_robust,-2.613394158922053,finite_length,5,10,GFE + Agg. Shock,AR,1000,0.568,0.73,0.162,0.018332814625476694,,,,,,,,,,,,,
reanchored_template,restricted_robust,-2.613394158922053,finite_length,5,10,GFE + Agg. Shock,ARIMA-Z,1000,0.627,0.825,0.198,0.016765353473072883,0.9339979392010878,0.05778866837957807,-0.8762092708215099,0.34693886916692973,0.9339979392010878,0.05778866837957807,-0.8762092708215097,-1.0546104831857823,0.34624954791800133,11.009521119158196,0.23966529699933117,-10.769855822158865,4.33084602462223
reanchored_template,restricted_robust,-2.613394158922053,finite_length,5,10,GFE + Agg. Shock,HAC,1000,0.503,0.697,0.194,0.01829477244183974,0.9339979392010878,0.05778866837957807,-0.8762092708215099,0.34693886916692973,0.9339979392010878,0.05778866837957807,-0.8762092708215097,-1.0546104831857823,0.34624954791800133,11.009521119158196,0.23966529699933117,-10.769855822158865,4.33084602462223
reanchored_template,restricted_tsls,-1.136097700507271,finite_length,5,10,Aggregate Shock,AR,1000,0.467,0.676,0.209,0.017424770375032858,,,,,,,,,,,,,
reanchored_template,restricted_tsls,-1.136097700507271,finite_length,5,10,Aggregate Shock,ARIMA-Z,1000,0.53,0.777,0.247,0.016919730413847534,0.3565993450724941,0.012372824437522335,-0.3442265206349717,0.08471970696132758,0.3565993450724941,0.012372824437522335,-0.3442265206349717,-0.6972640339563184,0.08219661820813674,2.703191765947987,0.06622896902317187,-2.6369627969248155,1.0988485625192446
reanchored_template,restricted_tsls,-1.136097700507271,finite_length,5,10,Aggregate Shock,HAC,1000,0.416,0.654,0.238,0.017767151478829457,0.3565993450724941,0.012372824437522335,-0.3442265206349717,0.08471970696132758,0.3565993450724941,0.012372824437522335,-0.3442265206349717,-0.6972640339563184,0.08219661820813674,2.703191765947987,0.06622896902317187,-2.6369627969248155,1.0988485625192446
reanchored_template,restricted_tsls,-1.136097700507271,finite_length,5,10,Basic,AR,1000,0.834,0.84,0.006,0.009594584725565566,,,,,,,,,,,,,
reanchored_template,restricted_tsls,-1.136097700507271,finite_length,5,10,Basic,ARIMA-Z,1000,0.9,0.902,0.002,0.007749584250529576,0.0011162125130108906,0.0010161313814275917,-0.0001000811315832989,0.00027154856100821204,0.0011162125130108906,0.0010161313814275917,-0.00010008113158329886,0.0011346989738862331,0.00025657155301333514,0.023618629710466417,0.026032231359096082,0.002413601648629665,0.0012135674888249278
reanchored_template,restricted_tsls,-1.136097700507271,finite_length,5,10,Basic,HAC,1000,0.824,0.835,0.011,0.009745459146390897,0.0011162125130108906,0.0010161313814275917,-0.0001000811315832989,0.00027154856100821204,0.0011162125130108906,0.0010161313814275917,-0.00010008113158329886,0.0011346989738862331,0.00025657155301333514,0.023618629710466417,0.026032231359096082,0.002413601648629665,0.0012135674888249278
reanchored_template,restricted_tsls,-1.136097700507271,finite_length,5,10,GFE,AR,1000,0.806,0.81,0.004,0.01581879370351084,,,,,,,,,,,,,
reanchored_template,restricted_tsls,-1.136097700507271,finite_length,5,10,GFE,ARIMA-Z,1000,0.838,0.871,0.033,0.014075123768873547,0.022315331292543043,0.0002888512024351283,-0.022026480090107915,0.01854112904131914,0.022315331292543043,0.0002888512024351283,-0.022026480090107915,-0.34892193785939046,0.013668328669049816,0.5934717874243128,0.09100412012545582,-0.5024676672988571,0.06705069118711132
reanchored_template,restricted_tsls,-1.136097700507271,finite_length,5,10,GFE,HAC,1000,0.794,0.786,-0.008,0.01575386251635402,0.022315331292543043,0.0002888512024351283,-0.022026480090107915,0.01854112904131914,0.022315331292543043,0.0002888512024351283,-0.022026480090107915,-0.34892193785939046,0.013668328669049816,0.5934717874243128,0.09100412012545582,-0.5024676672988571,0.06705069118711132
reanchored_template,restricted_tsls,-1.136097700507271,finite_length,5,10,GFE + Agg. Shock,AR,1000,0.568,0.705,0.137,0.018508743165692627,,,,,,,,,,,,,
reanchored_template,restricted_tsls,-1.136097700507271,finite_length,5,10,GFE + Agg. Shock,ARIMA-Z,1000,0.646,0.802,0.156,0.016910054699791777,0.8364320267157425,0.06238758487941983,-0.7740444418363226,0.2686615864466786,0.8364320267157425,0.06238758487941983,-0.7740444418363226,-0.9854443551998316,0.26766775355010736,8.535333966576077,0.25529883977300755,-8.28003512680307,2.9803727031627694
reanchored_template,restricted_tsls,-1.136097700507271,finite_length,5,10,GFE + Agg. Shock,HAC,1000,0.507,0.676,0.169,0.01862218531176687,0.8364320267157425,0.06238758487941983,-0.7740444418363226,0.2686615864466786,0.8364320267157425,0.06238758487941983,-0.7740444418363226,-0.9854443551998316,0.26766775355010736,8.535333966576077,0.25529883977300755,-8.28003512680307,2.9803727031627694
